Date,Temp_Avg,Temp_Min,Temp_Max,Precipitation,Snowfall,Wind_Direction,Wind_Speed,Pressure
2021-01-01,-2.9,-7.1,1.7,9.7,30.0,36.0,19.1,1017.3
2021-02-01,0.0,-2.1,1.7,0.0,50.0,358.0,10.1,1017.3
2021-03-01,-0.1,-3.2,0.6,0.8,50.0,289.0,11.2,1015.3
2021-04-01,-2.8,-4.3,-1.0,0.0,50.0,220.0,12.6,1015.4
2021-05-01,-0.6,-1.6,2.8,0.0,50.0,288.0,9.0,1019.6
2021-06-01,0.6,-0.5,3.9,0.0,50.0,21.0,7.6,1027.7
2021-07-01,1.8,0.6,3.3,0.0,50.0,35.0,14.8,1027.8
2021-08-01,1.0,-1.0,2.2,0.5,30.0,1.0,19.1,1025.0
2021-09-01,-0.3,-2.1,2.8,0.0,30.0,343.0,11.9,1026.1
2021-10-01,-1.7,-4.3,-1.6,0.0,30.0,289.0,9.4,1027.1
2021-11-01,-3.8,-5.5,-1.0,0.0,30.0,231.0,21.2,1024.2
2021-12-01,-0.7,-2.7,2.8,0.0,30.0,223.0,17.3,1017.9
2021-01-13,1.4,-0.5,5.0,0.0,30.0,220.0,13.7,1009.6
2021-01-14,2.4,0.0,4.4,3.6,0.0,173.0,14.8,1000.6
2021-01-15,1.9,-1.0,3.9,0.3,0.0,185.0,9.7,998.7
2021-01-16,0.6,-1.0,2.2,1.8,30.0,279.0,13.7,1003.2
2021-01-17,-0.1,-2.7,1.1,1.3,30.0,258.0,10.8,1006.5
2021-01-18,-2.0,-4.9,-1.0,0.0,30.0,259.0,14.8,1012.8
2021-01-19,-4.3,-6.6,0.0,1.3,30.0,252.0,16.2,1020.5
2021-01-20,-5.2,-10.5,1.1,0.0,30.0,230.0,20.9,1018.6
2021-01-21,1.1,-1.0,3.9,0.0,30.0,251.0,23.0,1007.2
2021-01-22,-5.1,-11.0,-1.0,0.0,0.0,296.0,16.6,1020.4
2021-01-23,-8.3,-12.1,-1.0,0.0,0.0,200.0,9.0,1027.7
2021-01-24,-1.3,-2.7,1.1,0.5,0.0,165.0,11.2,1019.6
2021-01-25,-0.6,-2.1,1.1,1.3,0.0,35.0,23.0,1015.6
2021-01-26,-0.6,-3.8,0.0,12.2,80.0,23.0,28.4,1012.8
2021-01-27,-4.3,-9.9,-2.7,0.0,150.0,345.0,18.0,1028.5
2021-01-28,-8.4,-13.2,-3.2,0.0,130.0,313.0,8.3,1036.7
2021-01-29,-5.6,-8.8,0.0,0.0,130.0,116.0,9.7,1029.6
2021-01-30,-0.8,-1.6,1.1,9.1,100.0,120.0,26.6,1017.7
2021-01-31,-0.7,-1.0,0.0,7.4,280.0,43.0,27.0,1013.9
2021-01-02,-1.4,-5.5,0.6,0.0,360.0,337.0,18.0,1022.8
2021-02-02,-3.3,-6.0,0.6,0.0,330.0,325.0,14.8,1024.2
2021-03-02,-3.6,-8.2,2.2,0.0,300.0,255.0,8.3,1019.8
2021-04-02,0.1,-7.1,3.9,7.9,280.0,189.0,24.5,1002.1
2021-05-02,-8.3,-13.2,-7.1,0.0,300.0,256.0,29.2,1005.7
2021-06-02,-12.9,-16.6,-11.0,1.8,280.0,257.0,14.8,1018.5
2021-07-02,-17.1,-21.6,-14.9,0.0,300.0,281.0,13.3,1025.3
2021-08-02,-14.8,-17.1,-9.3,2.0,280.0,347.0,6.5,1027.3
2021-09-02,-13.2,-17.7,-7.7,0.0,360.0,333.0,13.3,1029.2
2021-10-02,-12.4,-14.3,-8.8,0.8,330.0,335.0,13.3,1030.0
2021-11-02,-11.3,-16.6,-6.0,0.3,330.0,355.0,18.4,1030.7
2021-12-02,-10.1,-13.8,-8.2,0.3,330.0,325.0,15.5,1029.7
2021-02-13,-13.4,-18.2,-11.0,3.0,330.0,320.0,17.6,1028.0
2021-02-14,-17.7,-20.5,-15.5,0.8,380.0,327.0,17.3,1033.2
2021-02-15,-15.8,-17.7,-11.0,4.8,410.0,347.0,25.9,1026.8
2021-02-16,-11.3,-13.8,-6.6,0.3,530.0,320.0,16.6,1020.1
2021-02-17,-9.2,-14.3,-2.7,0.0,510.0,221.0,7.9,1028.6
2021-02-18,-6.3,-8.2,-3.2,1.0,460.0,19.0,9.0,1027.8
2021-02-19,-8.8,-13.8,-6.6,0.0,460.0,260.0,14.0,1026.5
2021-02-20,-8.4,-14.9,-1.6,0.0,430.0,216.0,8.3,1028.1
2021-02-21,-3.6,-8.2,2.8,8.1,410.0,159.0,17.6,1019.0
2021-02-22,0.4,-3.2,4.4,0.0,410.0,239.0,24.1,1007.0
2021-02-23,4.7,2.8,8.3,0.0,360.0,237.0,16.2,1007.9
2021-02-24,5.6,0.0,7.2,0.0,250.0,271.0,17.6,1011.9
2021-02-25,1.1,-2.7,4.4,0.0,180.0,261.0,11.5,1026.9
2021-02-26,0.9,-4.3,6.1,0.5,150.0,157.0,13.3,1020.0
2021-02-27,4.6,0.6,11.1,0.0,130.0,198.0,11.5,1015.4
2021-02-28,6.0,1.1,9.4,0.3,80.0,225.0,18.7,1009.5
2021-01-03,0.3,-4.3,1.7,0.0,0.0,313.0,13.7,1023.7
2021-02-03,-1.3,-5.5,6.1,0.0,0.0,223.0,17.3,1022.7
2021-03-03,6.8,0.6,15.0,0.0,0.0,301.0,13.3,1015.8
2021-04-03,2.1,-2.7,2.8,0.0,0.0,21.0,21.6,1026.7
2021-05-03,1.2,-4.3,9.4,0.0,0.0,341.0,9.4,1028.1
2021-06-03,2.5,-3.2,8.9,0.0,0.0,49.0,5.4,1027.3
2021-07-03,2.5,-3.2,11.1,0.0,0.0,180.0,11.5,1028.6
2021-08-03,10.4,6.7,16.7,0.0,0.0,239.0,17.3,1024.8
2021-09-03,11.4,4.4,20.6,0.0,0.0,174.0,16.2,1022.3
2021-10-03,16.1,13.9,20.6,0.0,0.0,195.0,30.6,1012.4
2021-11-03,12.9,5.6,17.8,4.1,0.0,249.0,22.3,1016.4
2021-12-03,7.3,2.8,12.2,0.0,0.0,327.0,13.3,1029.6
2021-03-13,6.2,-0.5,15.0,0.0,0.0,261.0,8.6,1029.7
2021-03-14,7.4,2.2,8.9,0.0,0.0,18.0,27.0,1028.0
2021-03-15,1.7,-1.6,4.4,5.8,0.0,98.0,25.9,1022.2
2021-03-16,1.6,0.6,3.3,0.0,30.0,42.0,10.4,1016.1
2021-03-17,2.1,1.1,3.9,9.4,0.0,56.0,21.2,1015.6
2021-03-18,3.7,2.2,6.1,1.5,0.0,30.0,45.0,1016.7
2021-03-19,3.9,0.0,7.2,0.0,0.0,59.0,16.6,1032.4
2021-03-20,4.9,-2.1,14.4,0.0,0.0,164.0,10.1,1032.4
2021-03-21,9.9,2.8,18.3,0.0,0.0,178.0,15.8,1025.0
2021-03-22,13.6,7.8,20.0,0.0,0.0,183.0,15.8,1017.8
2021-03-23,13.8,10.0,17.8,6.1,0.0,134.0,16.9,1010.9
2021-03-24,12.9,7.8,14.4,0.3,0.0,204.0,24.1,1004.9
2021-03-25,8.3,3.3,10.0,4.6,0.0,0.0,18.7,1010.8
2021-03-26,4.1,1.7,7.2,0.0,0.0,14.0,10.4,1015.3
2021-03-27,8.4,2.2,18.9,0.0,0.0,159.0,15.5,1013.2
2021-03-28,8.7,1.7,10.6,0.0,0.0,292.0,25.2,1012.6
2021-03-29,6.4,-0.5,16.7,0.0,0.0,192.0,24.1,1017.0
2021-03-30,13.8,6.7,20.0,0.0,0.0,228.0,27.4,1008.9
2021-03-31,5.6,0.0,6.7,0.0,0.0,293.0,22.7,1021.3
2021-01-04,0.8,-4.3,4.4,0.0,0.0,15.0,18.7,1032.1
2021-02-04,2.2,-3.2,10.6,0.0,0.0,205.0,14.0,1031.5
2021-03-04,10.7,4.4,21.7,0.0,0.0,228.0,20.9,1020.7
2021-04-04,15.4,6.1,24.4,0.0,0.0,190.0,9.4,1019.0
2021-05-04,19.4,15.6,24.4,0.0,0.0,207.0,18.7,1012.5
2021-06-04,20.9,15.0,27.2,0.0,0.0,208.0,17.3,1010.4
2021-07-04,21.2,15.6,27.8,0.0,0.0,174.0,16.9,1007.8
2021-08-04,17.5,11.1,20.6,9.1,0.0,175.0,14.8,1001.5
2021-09-04,12.3,10.6,16.7,0.0,0.0,210.0,16.9,1003.3
2021-10-04,11.6,8.3,12.8,6.6,0.0,38.0,13.0,1000.6
2021-11-04,10.1,7.2,13.3,0.3,0.0,108.0,8.3,995.0
2021-12-04,12.5,8.9,16.7,0.0,0.0,271.0,18.4,1007.4
2021-04-13,9.7,5.6,12.2,0.0,0.0,245.0,18.4,1017.9
2021-04-14,6.8,2.2,10.6,0.0,0.0,280.0,16.6,1019.2
2021-04-15,7.1,3.9,13.3,0.0,0.0,333.0,14.4,1016.7
2021-04-16,8.3,3.3,13.9,0.0,0.0,43.0,10.4,1015.5
2021-04-17,6.7,1.7,13.3,0.0,0.0,28.0,11.5,1014.4
2021-04-18,9.6,3.9,16.7,0.0,0.0,241.0,9.4,1012.4
2021-04-19,10.5,4.4,11.1,0.0,0.0,274.0,19.1,1011.0
2021-04-20,4.6,1.1,6.1,0.0,0.0,24.0,10.1,1018.0
2021-04-21,3.9,0.6,10.0,0.0,0.0,256.0,14.4,1018.9
2021-04-22,5.4,0.0,15.6,0.0,0.0,277.0,14.8,1018.4
2021-04-23,11.6,6.1,16.7,0.0,0.0,219.0,16.9,1016.1
2021-04-24,13.0,6.7,17.8,0.0,0.0,354.0,7.9,1011.2
2021-04-25,7.9,3.9,8.3,0.0,0.0,42.0,17.6,1018.5
2021-04-26,11.6,4.4,26.1,0.0,0.0,151.0,24.5,1012.2
2021-04-27,22.9,10.0,30.6,0.0,0.0,211.0,23.0,1006.1
2021-04-28,11.3,7.8,10.6,1.0,0.0,59.0,14.8,1011.5
2021-04-29,11.9,8.9,21.7,1.0,0.0,350.0,15.5,1010.5
2021-04-30,11.7,5.6,13.3,0.0,0.0,57.0,19.1,1019.5
2021-01-05,13.3,5.6,29.4,0.0,0.0,202.0,27.7,1011.6
2021-02-05,23.6,17.2,29.4,0.0,0.0,218.0,25.9,1003.0
2021-03-05,18.6,14.4,22.8,1.8,0.0,205.0,14.0,1001.5
2021-04-05,13.8,7.2,14.4,0.0,0.0,339.0,13.7,1009.5
2021-05-05,10.7,5.0,16.1,0.0,0.0,26.0,14.8,1018.8
2021-06-05,9.6,6.7,13.3,1.5,0.0,92.0,12.2,1018.8
2021-07-05,10.1,3.9,15.6,0.0,0.0,334.0,15.8,1016.4
2021-08-05,7.2,2.8,12.2,2.5,0.0,55.0,10.8,1019.7
2021-09-05,7.8,4.4,13.9,3.0,0.0,57.0,19.8,1014.6
2021-10-05,7.9,3.9,11.1,0.0,0.0,35.0,14.8,1020.9
2021-11-05,7.9,2.2,13.3,0.0,0.0,25.0,11.2,1027.3
2021-12-05,9.9,2.8,16.7,0.0,0.0,50.0,9.4,1030.7
2021-05-13,13.0,5.0,21.1,0.0,0.0,353.0,7.9,1028.4
2021-05-14,15.7,8.9,21.7,0.0,0.0,185.0,10.8,1025.1
2021-05-15,14.8,12.8,16.7,0.3,0.0,187.0,11.5,1022.3
2021-05-16,16.5,12.8,22.2,0.0,0.0,182.0,6.1,1021.0
2021-05-17,17.5,13.3,21.1,0.0,0.0,102.0,12.2,1021.3
2021-05-18,18.4,14.4,24.4,1.8,0.0,127.0,15.8,1021.9
2021-05-19,20.4,18.3,23.9,1.0,0.0,168.0,17.6,1021.4
2021-05-20,23.4,18.9,30.0,0.0,0.0,173.0,17.3,1022.8
2021-05-21,25.2,20.6,30.0,0.0,0.0,216.0,13.7,1025.5
2021-05-22,25.3,21.1,31.1,0.0,0.0,236.0,12.2,1025.2
2021-05-23,24.1,13.3,27.8,0.5,0.0,280.0,12.2,1021.8
2021-05-24,20.3,13.3,32.2,0.0,0.0,210.0,11.9,1018.8
2021-05-25,26.1,20.0,29.4,0.8,0.0,225.0,21.6,1014.5
2021-05-26,22.7,13.3,27.8,18.8,0.0,269.0,18.7,1015.1
2021-05-27,14.1,9.4,15.0,0.8,0.0,46.0,28.4,1018.4
2021-05-28,9.0,6.7,9.4,12.7,0.0,40.0,31.3,1016.2
2021-05-29,10.8,7.2,15.6,0.0,0.0,43.0,20.2,1022.9
2021-05-30,13.2,5.6,20.6,0.0,0.0,54.0,7.9,1024.7
2021-05-31,17.1,12.2,21.1,0.0,0.0,216.0,11.5,1023.7
2021-01-06,17.3,10.0,25.0,0.0,0.0,115.0,6.8,1021.9
2021-02-06,19.6,12.8,25.6,0.0,0.0,57.0,9.4,1015.5
2021-03-06,21.5,13.3,30.6,0.0,0.0,266.0,8.6,1011.4
2021-04-06,26.6,21.7,32.8,0.0,0.0,243.0,17.6,1012.2
2021-05-06,27.0,20.6,33.3,0.0,0.0,217.0,19.8,1011.6
2021-06-06,27.5,22.2,31.7,0.0,0.0,200.0,18.4,1012.1
2021-07-06,25.3,21.7,26.7,0.0,0.0,197.0,10.8,1013.0
2021-08-06,25.3,21.7,32.8,0.3,0.0,89.0,6.8,1015.0
2021-09-06,26.6,21.1,31.7,0.0,0.0,41.0,9.4,1015.9
2021-10-06,25.2,18.9,32.2,0.0,0.0,44.0,9.4,1013.1
2021-11-06,27.3,21.7,33.3,0.0,0.0,20.0,6.8,1009.6
2021-12-06,26.6,20.0,33.9,38.1,0.0,6.0,8.3,1010.1
2021-06-13,25.5,18.9,30.6,0.0,0.0,48.0,11.5,1013.8
2021-06-14,24.1,18.3,28.3,0.0,0.0,3.0,18.7,1013.5
2021-06-15,21.4,15.0,25.0,0.0,0.0,15.0,15.5,1018.4
2021-06-16,19.5,13.3,25.0,0.0,0.0,36.0,11.2,1019.0
2021-06-17,21.9,14.4,31.1,1.0,0.0,207.0,13.0,1014.1
2021-06-18,27.2,19.4,32.2,5.3,0.0,250.0,13.7,1007.9
2021-06-19,26.4,17.8,32.2,0.0,0.0,268.0,17.3,1007.0
2021-06-20,22.4,16.7,27.8,47.0,0.0,54.0,10.1,1004.4
2021-06-21,21.0,13.3,22.2,0.0,0.0,308.0,19.8,1005.4
2021-06-22,17.2,12.2,22.8,0.0,0.0,253.0,12.2,1014.4
2021-06-23,20.5,17.2,26.1,0.5,0.0,197.0,23.0,1015.5
2021-06-24,22.2,20.0,24.4,11.7,0.0,191.0,16.2,1014.4
2021-06-25,22.2,21.1,25.0,33.3,0.0,187.0,14.8,1010.9
2021-06-26,23.9,21.1,27.8,16.0,0.0,202.0,16.6,1008.7
2021-06-27,24.7,20.0,28.3,0.0,0.0,232.0,19.1,1012.3
2021-06-28,22.2,18.9,27.8,4.3,0.0,85.0,9.4,1019.0
2021-06-29,24.6,22.2,28.9,7.4,0.0,228.0,11.9,1020.0
2021-06-30,24.9,21.1,28.3,7.4,0.0,249.0,9.4,1017.4
2021-01-07,21.8,15.0,24.4,0.0,0.0,22.0,21.6,1016.5
2021-02-07,18.2,13.9,22.8,0.0,0.0,20.0,10.8,1018.5
2021-03-07,21.3,15.0,30.0,0.0,0.0,282.0,14.4,1015.6
2021-04-07,26.2,21.1,31.7,0.0,0.0,255.0,11.5,1013.5
2021-05-07,27.6,22.8,32.8,0.0,0.0,242.0,19.8,1014.1
2021-06-07,28.6,25.0,32.8,0.0,0.0,239.0,16.2,1015.1
2021-07-07,26.9,19.4,31.7,0.0,0.0,249.0,14.0,1012.1
2021-08-07,19.3,16.1,20.0,0.0,0.0,11.0,12.6,1013.0
2021-09-07,19.1,15.0,24.4,0.0,0.0,30.0,12.2,1017.3
2021-10-07,20.7,17.2,24.4,2.8,0.0,82.0,15.8,1014.6
2021-11-07,19.9,18.9,21.7,2.3,0.0,53.0,21.2,1013.5
2021-12-07,20.9,19.4,23.3,1.0,0.0,60.0,13.7,1015.9
2021-07-13,21.7,20.0,26.7,0.0,0.0,292.0,9.0,1015.9
2021-07-14,24.6,20.6,28.9,0.0,0.0,210.0,16.2,1017.8
2021-07-15,24.1,18.9,26.1,28.4,0.0,241.0,16.2,1014.0
2021-07-16,20.5,18.3,22.8,1.0,0.0,32.0,18.7,1015.4
2021-07-17,21.4,17.8,25.0,0.0,0.0,21.0,17.6,1018.8
2021-07-18,22.6,17.2,27.8,0.0,0.0,42.0,13.0,1022.0
2021-07-19,23.0,17.8,29.4,0.0,0.0,34.0,8.6,1020.9
2021-07-20,24.6,19.4,31.1,0.0,0.0,311.0,15.1,1017.8
2021-07-21,20.9,18.3,23.9,0.0,0.0,40.0,14.4,1020.0
2021-07-22,22.3,17.8,30.0,0.0,0.0,119.0,7.2,1020.7
2021-07-23,26.9,23.3,31.7,0.0,0.0,221.0,12.2,1017.8
2021-07-24,27.8,23.9,33.3,3.0,0.0,229.0,14.0,1011.7
2021-07-25,27.5,22.2,32.2,0.0,0.0,305.0,9.4,1013.0
2021-07-26,27.6,21.1,34.4,0.0,0.0,314.0,6.5,1015.5
2021-07-27,26.8,21.7,30.6,0.0,0.0,250.0,11.2,1016.4
2021-07-28,27.2,21.1,31.1,5.3,0.0,236.0,13.0,1015.4
2021-07-29,27.6,20.6,31.7,4.3,0.0,318.0,22.0,1012.6
2021-07-30,21.3,18.3,22.8,0.0,0.0,33.0,17.6,1019.8
2021-07-31,20.8,16.1,26.7,0.0,0.0,288.0,9.4,1016.1
2021-01-08,22.1,16.7,24.4,0.0,0.0,6.0,17.3,1016.3
2021-02-08,20.4,15.6,25.6,0.0,0.0,23.0,7.9,1020.2
2021-03-08,22.0,16.7,28.3,0.0,0.0,31.0,6.5,1018.6
2021-04-08,23.8,17.8,29.4,0.0,0.0,43.0,5.4,1019.0
2021-05-08,24.4,18.9,30.6,0.0,0.0,207.0,12.6,1017.9
2021-06-08,25.0,18.9,28.3,4.8,0.0,212.0,16.6,1014.7
2021-07-08,24.6,19.4,31.7,0.0,0.0,205.0,12.2,1013.8
2021-08-08,28.2,21.7,33.3,0.8,0.0,200.0,19.1,1011.2
2021-09-08,23.7,21.1,28.3,16.3,0.0,193.0,16.2,1010.3
2021-10-08,27.2,21.1,33.9,9.7,0.0,221.0,13.7,1011.2
2021-11-08,25.4,22.2,31.1,2.3,0.0,214.0,21.6,1009.3
2021-12-08,26.7,22.2,29.4,0.0,0.0,234.0,15.5,1012.1
2021-08-13,24.4,21.1,28.9,0.0,0.0,316.0,10.4,1017.7
2021-08-14,22.7,16.7,26.7,0.0,0.0,45.0,10.4,1023.5
2021-08-15,21.4,15.6,26.7,0.0,0.0,70.0,10.1,1022.6
2021-08-16,22.4,17.2,26.7,0.0,0.0,83.0,9.4,1018.5
2021-08-17,23.4,18.9,28.9,0.0,0.0,49.0,8.3,1016.5
2021-08-18,25.1,21.1,30.0,0.0,0.0,68.0,10.8,1017.9
2021-08-19,26.2,22.2,31.1,0.0,0.0,63.0,9.4,1017.4
2021-08-20,26.6,21.1,32.8,0.0,0.0,116.0,8.6,1013.5
2021-08-21,26.5,22.8,31.1,15.2,0.0,189.0,13.3,1010.5
2021-08-22,24.6,21.1,28.3,0.0,0.0,26.0,14.0,1014.8
2021-08-23,23.9,19.4,30.6,0.0,0.0,202.0,9.4,1014.4
2021-08-24,28.1,22.2,35.0,48.5,0.0,212.0,13.7,1013.8
2021-08-25,25.9,21.7,34.4,9.9,0.0,213.0,10.4,1017.1
2021-08-26,25.2,21.1,32.2,0.0,0.0,141.0,8.6,1019.1
2021-08-27,27.1,22.8,32.8,0.0,0.0,199.0,9.7,1016.4
2021-08-28,28.7,24.4,33.3,0.0,0.0,208.0,13.7,1017.1
2021-08-29,27.5,22.2,31.7,7.1,0.0,228.0,16.9,1015.0
2021-08-30,24.6,19.4,29.4,0.0,0.0,34.0,7.6,1014.0
2021-08-31,23.7,18.9,27.8,0.0,0.0,44.0,13.0,1010.3
2021-01-09,22.9,17.2,24.4,0.0,0.0,41.0,19.4,1014.0
2021-02-09,20.8,16.7,25.6,0.0,0.0,49.0,9.4,1019.1
2021-03-09,20.9,17.8,23.9,0.3,0.0,149.0,11.2,1017.8
2021-04-09,21.2,17.2,22.8,0.0,0.0,216.0,13.7,1011.9
2021-05-09,20.8,15.6,27.8,0.0,0.0,273.0,13.3,1011.5
2021-06-09,22.2,16.1,27.8,0.0,0.0,351.0,7.9,1012.8
2021-07-09,22.4,18.3,31.1,0.0,0.0,238.0,16.9,1007.0
2021-08-09,20.9,15.0,26.1,0.0,0.0,295.0,16.9,1009.1
2021-09-09,19.4,14.4,25.0,0.0,0.0,342.0,9.0,1015.0
2021-10-09,20.3,15.0,26.7,0.0,0.0,224.0,9.4,1017.0
2021-11-09,23.1,18.3,30.6,0.0,0.0,207.0,14.0,1012.7
2021-12-09,26.0,20.0,30.6,0.0,0.0,232.0,16.9,1014.2
2021-09-13,23.7,20.0,31.1,0.0,0.0,93.0,9.7,1015.8
2021-09-14,25.1,18.9,30.0,0.0,0.0,244.0,21.6,1009.6
2021-09-15,20.2,15.0,26.1,0.0,0.0,6.0,9.4,1015.8
2021-09-16,20.4,13.9,27.8,0.0,0.0,128.0,9.4,1018.0
2021-09-17,23.8,17.8,31.7,11.4,0.0,217.0,13.0,1017.7
2021-09-18,21.9,18.9,25.0,0.0,0.0,38.0,15.1,1021.1
2021-09-19,23.1,17.8,31.7,0.0,0.0,103.0,8.6,1017.8
2021-09-20,24.3,21.1,27.8,2.0,0.0,179.0,18.0,1012.3
2021-09-21,20.6,15.6,23.9,4.3,0.0,319.0,19.8,1016.3
2021-09-22,15.4,13.3,17.2,10.2,0.0,354.0,27.0,1019.2
2021-09-23,14.4,10.6,19.4,0.0,0.0,320.0,17.3,1014.5
2021-09-24,17.1,11.1,26.1,3.0,0.0,227.0,20.9,1012.8
2021-09-25,16.3,10.0,20.6,0.0,0.0,263.0,15.5,1015.1
2021-09-26,18.9,12.2,28.3,0.0,0.0,221.0,20.2,1012.5
2021-09-27,23.0,17.2,30.6,0.0,0.0,248.0,19.1,1008.7
2021-09-28,18.8,15.6,22.8,0.0,0.0,61.0,14.4,1014.9
2021-09-29,19.4,12.8,27.8,0.0,0.0,72.0,8.3,1017.4
2021-09-30,20.4,15.0,26.7,0.0,0.0,60.0,7.6,1020.7
2021-01-10,21.6,16.1,29.4,0.0,0.0,158.0,9.4,1020.5
2021-02-10,22.6,18.9,26.7,0.5,0.0,192.0,13.0,1014.7
2021-03-10,21.4,18.3,24.4,3.6,0.0,254.0,8.6,1009.6
2021-04-10,19.4,17.8,22.8,0.0,0.0,2.0,19.1,1014.1
2021-05-10,18.7,18.3,19.4,0.0,0.0,38.0,18.4,1021.8
2021-06-10,18.7,17.8,20.0,0.0,0.0,70.0,15.5,1023.1
2021-07-10,20.1,18.3,23.9,16.8,0.0,90.0,7.9,1018.5
2021-08-10,19.4,16.7,23.9,0.3,0.0,302.0,5.4,1015.6
2021-09-10,20.8,17.8,26.7,0.3,0.0,137.0,9.4,1012.3
2021-10-10,22.8,21.1,26.1,0.5,0.0,180.0,16.9,1006.8
2021-11-10,22.3,16.7,25.0,19.0,0.0,180.0,18.0,1004.9
2021-12-10,17.2,13.3,18.3,0.3,0.0,239.0,13.0,1010.3
2021-10-13,15.6,11.7,21.7,8.9,0.0,151.0,11.9,1012.8
2021-10-14,19.3,13.3,21.7,4.1,0.0,225.0,9.4,1011.4
2021-10-15,14.3,10.6,16.7,0.5,0.0,332.0,11.9,1012.2
2021-10-16,11.2,6.7,15.0,0.0,0.0,285.0,16.9,1015.9
2021-10-17,11.8,5.6,18.9,0.0,0.0,273.0,11.5,1019.4
2021-10-18,13.9,7.2,22.2,0.0,0.0,243.0,6.8,1019.3
2021-10-19,15.9,11.1,21.7,0.0,0.0,207.0,13.0,1018.4
2021-10-20,16.3,11.7,22.2,0.0,0.0,195.0,13.7,1015.3
2021-10-21,13.7,6.7,18.3,0.0,0.0,275.0,18.0,1012.6
2021-10-22,8.8,5.0,13.3,0.0,0.0,322.0,9.0,1017.1
2021-10-23,8.6,3.9,13.3,0.0,0.0,348.0,5.8,1016.9
2021-10-24,7.6,3.9,10.6,47.0,0.0,62.0,19.8,1013.2
2021-10-25,9.8,8.3,12.8,19.3,0.0,31.0,31.7,1011.0
2021-10-26,9.5,5.0,13.9,0.0,0.0,11.0,12.2,1018.7
2021-10-27,8.4,3.3,13.3,0.0,0.0,109.0,11.9,1014.8
2021-10-28,10.7,8.9,13.9,11.2,0.0,92.0,15.8,1003.1
2021-10-29,12.4,11.7,13.3,13.5,0.0,25.0,28.4,1001.6
2021-10-30,12.4,7.2,15.0,1.0,0.0,4.0,19.8,1004.9
2021-10-31,9.3,3.9,11.7,0.0,0.0,294.0,16.2,1013.5
2021-01-11,5.2,1.7,9.4,0.0,0.0,270.0,13.0,1024.9
2021-02-11,4.2,0.0,8.3,0.0,0.0,277.0,13.0,1027.2
2021-03-11,2.7,-1.6,7.2,0.0,0.0,306.0,8.3,1029.0
2021-04-11,3.2,-1.6,8.3,0.0,0.0,234.0,7.6,1027.3
2021-05-11,5.3,1.1,11.1,0.0,0.0,202.0,12.6,1026.7
2021-06-11,7.7,2.2,15.0,0.0,0.0,203.0,15.8,1022.0
2021-07-11,11.3,5.0,18.3,0.0,0.0,208.0,15.8,1019.5
2021-08-11,13.3,9.4,18.3,0.0,0.0,226.0,12.6,1018.7
2021-09-11,12.6,5.6,14.4,0.0,0.0,24.0,15.1,1020.9
2021-10-11,8.8,3.3,13.3,0.0,0.0,86.0,14.0,1018.2
2021-11-11,11.5,5.0,13.9,11.2,0.0,203.0,20.5,1003.7
2021-12-11,4.8,1.7,6.1,1.3,0.0,233.0,23.0,1006.7
2021-11-13,2.8,0.6,3.9,0.8,0.0,263.0,18.0,1013.2
2021-11-14,2.0,0.6,2.8,0.3,0.0,268.0,22.7,1009.3
2021-11-15,0.5,-1.0,2.2,0.3,0.0,264.0,7.2,1019.1
2021-11-16,3.2,-1.0,13.3,0.0,0.0,115.0,14.4,1015.3
2021-11-17,12.6,4.4,16.1,3.3,0.0,244.0,19.8,1010.1
2021-11-18,2.7,0.0,4.4,0.0,0.0,274.0,23.0,1022.5
2021-11-19,0.4,-3.2,4.4,0.0,0.0,216.0,12.6,1030.4
2021-11-20,4.3,2.2,10.0,0.0,0.0,203.0,13.0,1021.5
2021-11-21,6.4,-1.0,12.8,0.0,0.0,302.0,16.9,1017.3
2021-11-22,-0.4,-4.9,2.2,0.0,0.0,283.0,14.8,1022.6
2021-11-23,-0.2,-4.3,6.1,0.0,0.0,214.0,15.1,1021.6
2021-11-24,5.5,2.8,11.7,1.0,0.0,199.0,21.6,1014.1
2021-11-25,6.7,-4.9,8.9,0.0,0.0,312.0,21.6,1018.7
2021-11-26,-4.1,-7.7,-0.5,0.0,0.0,257.0,10.4,1022.4
2021-11-27,0.9,-1.0,5.6,0.0,0.0,213.0,15.5,1011.7
2021-11-28,1.6,-2.7,5.0,0.0,0.0,295.0,15.1,1017.2
2021-11-29,0.6,-2.7,5.0,0.0,0.0,207.0,14.8,1015.1
2021-11-30,5.3,1.1,11.7,0.0,0.0,308.0,11.9,1015.8
2021-01-12,5.2,1.1,9.4,0.0,0.0,196.0,14.0,1012.3
2021-02-12,10.7,6.7,15.0,0.0,0.0,290.0,15.8,1009.6
2021-03-12,7.6,2.8,10.6,0.0,0.0,47.0,11.2,1017.5
2021-04-12,3.1,-0.5,6.7,0.0,0.0,313.0,10.8,1025.0
2021-05-12,3.1,1.1,5.0,6.6,0.0,139.0,15.1,1011.9
2021-06-12,1.4,-9.3,3.3,0.0,0.0,282.0,28.1,1014.5
2021-07-12,-7.6,-10.5,-3.2,0.0,0.0,230.0,11.2,1023.3
2021-08-12,-2.1,-3.8,1.7,0.0,0.0,288.0,10.8,1015.7
2021-09-12,1.3,-2.1,7.8,0.0,0.0,171.0,14.0,1009.4
2021-10-12,5.6,2.2,15.6,21.3,0.0,51.0,14.8,1006.3
2021-11-12,7.4,0.0,14.4,0.0,0.0,250.0,26.3,1002.9
2021-12-12,3.3,0.0,8.9,0.0,0.0,214.0,23.0,1018.8
2021-12-13,5.8,0.6,9.4,0.0,0.0,248.0,12.2,1022.3
2021-12-14,4.8,0.0,12.2,0.8,0.0,139.0,13.0,1025.0
2021-12-15,13.4,10.0,18.9,0.0,0.0,191.0,30.6,1010.7
2021-12-16,10.8,0.0,18.9,0.0,0.0,243.0,31.0,1009.8
2021-12-17,0.5,-3.2,4.4,0.0,0.0,21.0,13.3,1022.8
2021-12-18,2.9,-0.5,4.4,1.5,0.0,7.0,16.2,1019.4
2021-12-19,0.2,-2.1,2.8,0.0,0.0,246.0,11.9,1026.4
2021-12-20,1.2,-1.0,5.6,0.0,0.0,234.0,17.6,1020.6
2021-12-21,0.2,-4.9,4.4,0.0,0.0,293.0,18.7,1012.4
2021-12-22,-3.1,-7.1,-0.5,0.0,0.0,260.0,13.0,1017.1
2021-12-23,1.2,-2.7,7.8,0.0,0.0,188.0,12.6,1010.6
2021-12-24,5.9,1.1,13.9,0.0,0.0,182.0,14.4,1001.5
2021-12-25,9.5,-0.5,12.8,0.8,0.0,11.0,14.8,1005.7
2021-12-26,1.6,-3.2,6.1,9.4,0.0,51.0,13.7,1016.8
2021-12-27,4.4,0.0,7.8,8.1,0.0,242.0,16.9,1006.1
2021-12-28,0.9,-1.0,2.8,9.7,0.0,93.0,10.1,1007.5
2021-12-29,1.5,-2.1,2.2,0.3,30.0,313.0,13.0,1012.2
2021-12-30,-0.3,-1.6,2.8,0.0,0.0,352.0,8.3,1011.6
2021-12-31,2.6,0.6,6.1,0.0,0.0,50.0,13.3,1006.9
2022-01-01,2.0,-4.3,3.3,5.8,0.0,15.0,31.7,1010.0
2022-02-01,-4.6,-10.5,-2.1,1.0,100.0,333.0,15.5,1021.2
2022-03-01,-9.2,-12.7,-5.5,0.0,100.0,233.0,13.7,1027.3
2022-04-01,-3.6,-5.5,1.7,0.0,80.0,191.0,20.9,1014.0
2022-05-01,-4.6,-11.0,1.1,0.0,80.0,250.0,30.6,1006.4
2022-06-01,-11.7,-15.5,-9.3,0.0,80.0,267.0,19.1,1019.0
2022-07-01,-14.4,-18.2,-9.3,0.0,80.0,245.0,12.2,1026.8
2022-08-01,-8.0,-10.5,1.1,1.3,80.0,182.0,18.4,1020.5
2022-09-01,-2.4,-12.7,1.1,0.0,50.0,286.0,19.4,1026.2
2022-10-01,-10.6,-14.9,-8.8,0.0,50.0,292.0,14.4,1034.3
2022-11-01,-10.5,-15.5,2.2,0.0,50.0,203.0,21.6,1026.3
2022-12-01,2.3,-0.5,5.0,0.0,50.0,245.0,9.7,1015.2
2022-01-13,1.9,-1.6,4.4,0.0,30.0,10.0,9.4,1014.1
2022-01-14,0.8,-3.2,2.2,0.3,0.0,39.0,26.3,1021.7
2022-01-15,-4.0,-8.8,-3.2,0.5,0.0,52.0,20.9,1027.6
2022-01-16,-6.9,-11.0,-1.6,0.3,0.0,268.0,7.6,1014.7
2022-01-17,-3.8,-5.5,-2.1,0.0,0.0,296.0,18.0,1010.3
2022-01-18,-2.0,-6.6,6.7,0.0,0.0,205.0,21.2,1010.8
2022-01-19,-1.1,-12.1,4.4,0.0,0.0,296.0,20.5,1018.5
2022-01-20,-10.9,-14.3,-7.1,0.0,0.0,344.0,15.5,1035.2
2022-01-21,-10.0,-14.3,-3.8,0.0,0.0,227.0,10.4,1034.1
2022-01-22,-5.0,-7.1,0.6,0.5,0.0,244.0,22.3,1022.2
2022-01-23,-7.1,-13.8,-6.0,6.1,100.0,328.0,15.5,1014.5
2022-01-24,-8.6,-12.1,-3.2,3.6,100.0,263.0,15.5,1008.5
2022-01-25,-12.4,-17.7,-11.0,0.0,130.0,296.0,15.8,1025.4
2022-01-26,-16.6,-21.0,-9.3,0.0,130.0,237.0,14.0,1030.6
2022-01-27,-6.4,-9.9,0.0,0.0,100.0,241.0,19.8,1020.7
2022-01-28,-5.8,-11.6,-3.2,2.0,130.0,333.0,14.8,1026.4
2022-01-29,-10.1,-13.8,-5.5,0.0,150.0,213.0,12.2,1020.8
2022-01-30,-6.3,-11.6,-0.5,0.0,100.0,332.0,9.7,1014.9
2022-01-31,-1.9,-3.8,0.6,0.0,100.0,159.0,13.3,1019.0
2022-01-02,2.8,0.0,7.8,2.3,100.0,216.0,17.6,1013.7
2022-02-02,-3.4,-8.8,0.6,7.6,50.0,351.0,24.8,1024.4
2022-03-02,-7.8,-8.8,-4.3,0.0,150.0,2.0,28.1,1030.4
2022-04-02,-7.4,-12.1,-4.3,0.3,130.0,290.0,14.0,1027.7
2022-05-02,-10.8,-15.5,-6.6,0.0,130.0,230.0,18.4,1028.9
2022-06-02,-5.4,-7.7,0.6,0.0,130.0,211.0,20.5,1020.7
2022-07-02,-3.7,-7.7,-0.5,0.0,100.0,265.0,14.0,1021.7
2022-08-02,-4.4,-7.1,3.3,0.0,80.0,189.0,16.9,1013.6
2022-09-02,2.4,0.0,5.0,0.0,50.0,248.0,19.8,1006.4
2022-10-02,-0.1,-2.7,1.7,0.3,30.0,261.0,21.2,1011.2
2022-11-02,2.4,-2.1,6.7,2.0,0.0,249.0,24.1,1003.0
2022-12-02,-5.8,-10.5,-2.1,0.0,0.0,313.0,18.0,1025.5
2022-02-13,-9.2,-11.0,-6.6,0.0,0.0,304.0,11.5,1026.1
2022-02-14,-8.4,-9.9,-3.2,0.0,0.0,217.0,10.1,1026.4
2022-02-15,-2.2,-5.5,7.2,0.0,0.0,144.0,16.9,1025.7
2022-02-16,7.6,5.0,12.8,21.1,0.0,207.0,25.6,1009.8
2022-02-17,1.8,-8.8,5.0,5.6,0.0,356.0,31.0,1014.5
2022-02-18,-8.3,-13.8,-0.5,0.0,50.0,242.0,23.8,1018.2
2022-02-19,-7.1,-12.7,-3.8,0.0,50.0,266.0,22.7,1026.6
2022-02-20,-1.4,-8.2,8.3,0.0,30.0,208.0,27.7,1014.0
2022-02-21,4.2,0.0,8.9,0.0,0.0,34.0,12.6,1013.4
2022-02-22,3.4,-4.9,6.7,22.1,0.0,359.0,19.4,1009.9
2022-02-23,-5.9,-9.3,-4.9,0.0,0.0,341.0,18.4,1031.0
2022-02-24,-4.6,-6.0,-2.7,2.8,0.0,54.0,18.7,1027.0
2022-02-25,-3.7,-7.7,-0.5,1.8,80.0,315.0,11.9,1028.9
2022-02-26,-6.2,-10.5,-0.5,0.0,30.0,235.0,16.9,1031.1
2022-02-27,0.2,-3.2,6.1,0.0,0.0,280.0,13.0,1023.4
2022-02-28,2.6,-2.7,11.7,0.0,0.0,196.0,16.9,1018.4
2022-01-03,6.9,2.2,12.2,0.0,0.0,345.0,11.9,1015.2
2022-02-03,5.2,0.6,14.4,0.0,0.0,109.0,15.5,1018.0
2022-03-03,1.1,-2.1,2.2,0.0,0.0,50.0,19.1,1028.9
2022-04-03,0.6,-2.1,5.0,0.0,0.0,95.0,14.0,1027.8
2022-05-03,9.2,3.9,20.6,3.0,0.0,174.0,23.0,1010.8
2022-06-03,8.6,1.7,15.0,0.5,0.0,267.0,25.2,1012.7
2022-07-03,1.3,-1.0,2.2,8.9,30.0,323.0,19.4,1015.5
2022-08-03,0.1,-2.7,3.9,0.0,30.0,237.0,11.5,1021.2
2022-09-03,1.3,-2.7,5.0,0.0,0.0,265.0,15.5,1017.1
2022-10-03,-2.3,-5.5,-0.5,0.5,0.0,1.0,10.1,1023.0
2022-11-03,-4.3,-8.8,-0.5,0.3,30.0,283.0,19.4,1018.5
2022-12-03,-8.1,-11.6,-4.9,0.0,0.0,283.0,21.2,1021.4
2022-03-13,-0.3,-6.0,10.6,0.0,0.0,226.0,18.7,1014.7
2022-03-14,9.1,2.8,17.2,0.0,0.0,220.0,15.8,1019.0
2022-03-15,6.2,2.2,12.2,0.0,0.0,50.0,10.1,1021.4
2022-03-16,9.7,2.2,21.1,0.0,0.0,211.0,12.6,1014.6
2022-03-17,14.6,8.3,22.8,0.0,0.0,198.0,12.2,1011.4
2022-03-18,7.0,4.4,8.3,16.3,0.0,35.0,27.7,1009.5
2022-03-19,4.3,2.8,6.1,1.5,0.0,330.0,15.5,1008.2
2022-03-20,7.4,1.1,17.2,0.0,0.0,241.0,10.4,1019.0
2022-03-21,13.3,5.6,23.3,0.0,0.0,200.0,13.7,1017.7
2022-03-22,12.1,7.2,13.3,5.6,0.0,89.0,19.1,1011.2
2022-03-23,11.0,7.8,14.4,9.4,0.0,183.0,13.7,998.2
2022-03-24,7.3,3.9,7.8,6.4,0.0,246.0,12.6,1004.4
2022-03-25,5.2,1.7,8.3,0.3,0.0,276.0,24.1,1006.2
2022-03-26,0.7,-3.2,1.7,0.0,0.0,310.0,23.4,1011.4
2022-03-27,-1.7,-5.5,2.2,0.0,0.0,325.0,14.4,1021.4
2022-03-28,-1.9,-5.5,1.7,0.0,0.0,30.0,14.8,1025.7
2022-03-29,0.8,-1.6,6.7,0.0,0.0,110.0,24.1,1019.9
2022-03-30,10.0,6.7,15.6,28.7,0.0,175.0,18.7,996.4
2022-03-31,6.7,0.6,8.9,12.4,0.0,290.0,16.2,996.2
2022-01-04,2.6,-0.5,7.8,0.0,0.0,318.0,14.4,1015.9
2022-02-04,2.4,0.6,5.6,8.6,0.0,189.0,12.2,1015.8
2022-03-04,4.4,0.6,10.0,4.3,0.0,41.0,8.3,1016.7
2022-04-04,6.7,4.4,11.1,2.3,0.0,225.0,15.1,1010.8
2022-05-04,7.5,3.3,11.7,1.3,0.0,92.0,15.1,1006.7
2022-06-04,10.7,6.1,13.3,19.3,0.0,228.0,24.8,999.2
2022-07-04,6.1,3.3,6.7,1.5,0.0,236.0,23.0,1000.3
2022-08-04,3.7,0.6,5.0,8.1,0.0,309.0,13.7,1004.2
2022-09-04,3.8,0.0,12.2,0.0,0.0,325.0,9.4,1010.4
2022-10-04,7.3,0.0,17.8,0.0,0.0,154.0,13.0,1010.0
2022-11-04,13.8,7.2,16.7,0.0,0.0,242.0,14.8,1008.0
2022-12-04,12.8,4.4,20.6,0.0,0.0,137.0,20.2,1011.5
2022-04-13,19.1,3.9,22.2,6.6,0.0,212.0,22.7,1000.3
2022-04-14,6.6,1.7,10.6,0.0,0.0,243.0,29.2,1009.7
2022-04-15,7.6,4.4,11.7,0.3,0.0,251.0,22.0,1012.9
2022-04-16,4.9,0.0,9.4,0.0,0.0,312.0,15.1,1019.5
2022-04-17,2.7,-1.6,6.1,0.5,0.0,36.0,14.4,1025.2
2022-04-18,2.5,0.6,5.0,3.8,0.0,306.0,15.5,1019.1
2022-04-19,4.6,2.2,10.6,0.0,0.0,293.0,15.1,1021.4
2022-04-20,7.4,5.0,11.1,6.1,0.0,150.0,22.3,1018.9
2022-04-21,12.9,10.0,20.0,1.3,0.0,256.0,16.6,1019.8
2022-04-22,11.2,7.8,11.7,20.3,0.0,64.0,15.5,1025.3
2022-04-23,17.3,10.6,28.9,0.0,0.0,172.0,25.2,1012.2
2022-04-24,21.3,12.2,22.8,10.4,0.0,216.0,25.6,1008.6
2022-04-25,11.8,5.0,12.2,0.0,0.0,262.0,19.8,1016.9
2022-04-26,5.9,1.1,10.6,0.0,0.0,285.0,19.1,1024.6
2022-04-27,3.4,0.6,5.0,0.0,0.0,34.0,17.6,1027.2
2022-04-28,5.6,3.3,10.0,0.0,0.0,90.0,16.6,1023.3
2022-04-29,11.9,8.3,18.9,1.0,0.0,107.0,21.6,1017.8
2022-04-30,14.2,10.6,20.6,39.1,0.0,129.0,22.7,1008.4
2022-01-05,12.6,9.4,13.3,0.0,0.0,229.0,21.6,1008.2
2022-02-05,9.9,8.9,12.2,0.0,0.0,247.0,12.6,1016.3
2022-03-05,9.0,6.7,10.0,33.3,0.0,34.0,28.8,1012.0
2022-04-05,7.8,3.9,13.3,0.0,0.0,34.0,16.6,1022.1
2022-05-05,8.9,5.6,11.7,8.1,0.0,43.0,12.2,1018.0
2022-06-05,9.3,8.3,11.7,7.4,0.0,38.0,25.6,1009.1
2022-07-05,12.1,6.1,17.8,0.0,0.0,37.0,16.6,1014.4
2022-08-05,12.3,6.1,18.3,0.0,0.0,125.0,15.8,1014.3
2022-09-05,18.8,13.3,28.3,0.0,0.0,153.0,27.4,1011.5
2022-10-05,25.1,20.6,31.7,0.0,0.0,182.0,17.6,1015.4
2022-11-05,28.2,23.3,32.2,0.0,0.0,151.0,11.9,1018.4
2022-12-05,27.5,23.3,32.8,0.0,0.0,163.0,18.4,1016.6
2022-05-13,26.7,20.0,31.7,0.0,0.0,186.0,14.0,1013.2
2022-05-14,25.2,19.4,30.0,0.0,0.0,32.0,9.4,1012.1
2022-05-15,21.6,14.4,24.4,0.0,0.0,259.0,11.5,1011.8
2022-05-16,18.4,12.2,25.6,0.0,0.0,284.0,17.3,1010.5
2022-05-17,16.1,10.6,20.0,0.0,0.0,65.0,13.7,1016.3
2022-05-18,12.9,11.1,15.6,7.4,0.0,52.0,11.5,1010.1
2022-05-19,18.8,11.7,30.0,0.5,0.0,196.0,17.3,1002.3
2022-05-20,23.9,14.4,30.0,11.7,0.0,218.0,20.5,998.4
2022-05-21,15.9,12.2,16.7,10.7,0.0,281.0,7.9,1014.6
2022-05-22,14.2,10.0,17.2,0.0,0.0,316.0,15.5,1024.0
2022-05-23,12.3,7.2,16.1,0.0,0.0,48.0,16.9,1026.8
2022-05-24,13.7,9.4,18.9,0.0,0.0,67.0,20.5,1022.3
2022-05-25,16.5,12.2,26.1,5.6,0.0,124.0,15.5,1012.0
2022-05-26,22.3,17.8,25.0,0.0,0.0,186.0,14.4,1006.9
2022-05-27,15.7,10.6,17.8,3.6,0.0,11.0,17.3,1009.2
2022-05-28,16.1,9.4,23.3,0.0,0.0,215.0,12.2,1012.0
2022-05-29,22.1,17.2,29.4,0.0,0.0,180.0,24.8,1008.8
2022-05-30,25.8,21.1,31.7,0.0,0.0,188.0,27.4,1009.2
2022-05-31,27.0,23.3,30.0,0.0,0.0,216.0,22.7,1011.0
2022-01-06,22.7,15.0,23.3,4.6,0.0,12.0,10.8,1013.5
2022-02-06,19.0,14.4,25.0,0.3,0.0,326.0,11.2,1012.4
2022-03-06,21.0,14.4,27.2,0.0,0.0,274.0,15.5,1012.6
2022-04-06,18.1,12.2,21.7,0.0,0.0,29.0,9.4,1015.0
2022-05-06,18.8,14.4,25.0,0.3,0.0,75.0,11.5,1010.2
2022-06-06,20.3,13.9,24.4,6.6,0.0,225.0,11.9,1005.7
2022-07-06,16.6,13.3,22.2,1.8,0.0,54.0,13.7,1011.6
2022-08-06,16.6,13.3,20.6,17.0,0.0,62.0,13.3,1011.4
2022-09-06,17.0,11.7,25.6,0.0,0.0,312.0,10.8,1013.7
2022-10-06,19.4,14.4,25.6,0.5,0.0,229.0,10.8,1012.4
2022-11-06,18.5,15.0,22.8,0.0,0.0,222.0,10.1,1009.4
2022-12-06,19.2,14.4,21.1,0.0,0.0,35.0,13.7,1010.2
2022-06-13,20.9,13.9,31.7,22.4,0.0,81.0,13.0,1009.8
2022-06-14,27.1,18.3,36.7,0.0,0.0,216.0,15.5,1009.1
2022-06-15,31.5,24.4,35.6,6.4,0.0,213.0,22.7,1009.9
2022-06-16,29.2,22.2,34.4,1.3,0.0,248.0,18.7,1012.2
2022-06-17,26.0,17.8,28.9,0.0,0.0,328.0,16.9,1015.8
2022-06-18,19.8,12.8,22.2,0.0,0.0,28.0,16.2,1023.4
2022-06-19,19.1,11.1,29.4,0.0,0.0,191.0,9.4,1022.3
2022-06-20,25.9,17.8,35.0,0.0,0.0,217.0,15.5,1018.3
2022-06-21,29.7,22.8,37.2,0.0,0.0,231.0,20.5,1015.8
2022-06-22,29.3,22.2,31.7,0.0,0.0,318.0,14.8,1016.4
2022-06-23,25.0,18.3,29.4,0.0,0.0,84.0,10.8,1016.7
2022-06-24,25.6,18.3,33.3,0.0,0.0,170.0,9.4,1015.8
2022-06-25,23.6,19.4,25.0,6.1,0.0,184.0,11.9,1014.2
2022-06-26,23.9,18.3,26.7,0.0,0.0,292.0,17.6,1016.7
2022-06-27,21.3,15.6,26.7,0.0,0.0,306.0,13.0,1022.5
2022-06-28,22.1,16.1,30.0,0.0,0.0,219.0,12.6,1021.4
2022-06-29,24.9,18.9,31.1,0.5,0.0,178.0,12.2,1020.0
2022-06-30,27.3,22.8,33.3,0.0,0.0,216.0,21.6,1015.9
2022-01-07,25.8,19.4,27.8,0.0,0.0,52.0,10.8,1013.6
2022-02-07,23.7,18.3,30.6,0.0,0.0,27.0,10.4,1016.7
2022-03-07,25.9,20.0,31.1,0.0,0.0,68.0,10.1,1019.0
2022-04-07,25.6,20.6,30.6,17.5,0.0,173.0,16.2,1015.7
2022-05-07,27.4,20.6,34.4,13.2,0.0,300.0,15.1,1010.9
2022-06-07,23.3,20.0,26.7,8.9,0.0,39.0,16.9,1014.0
2022-07-07,24.1,20.0,30.0,0.0,0.0,80.0,11.2,1015.5
2022-08-07,23.9,19.4,25.0,0.0,0.0,49.0,18.4,1016.1
2022-09-07,21.7,17.2,24.4,0.0,0.0,40.0,18.4,1020.8
2022-10-07,22.3,15.0,30.0,0.0,0.0,282.0,9.0,1017.3
2022-11-07,24.9,21.7,29.4,0.3,0.0,235.0,18.0,1008.4
2022-12-07,25.1,20.0,30.0,0.0,0.0,290.0,17.3,1010.4
2022-07-13,24.1,17.8,26.7,0.0,0.0,331.0,16.9,1014.9
2022-07-14,21.4,16.1,26.7,0.0,0.0,24.0,12.2,1020.1
2022-07-15,20.4,18.9,22.2,20.8,0.0,136.0,8.3,1018.7
2022-07-16,21.4,19.4,23.9,0.0,0.0,43.0,16.9,1014.9
2022-07-17,22.1,20.6,25.0,0.5,0.0,25.0,15.5,1011.2
2022-07-18,24.9,20.0,31.7,0.0,0.0,298.0,9.4,1011.6
2022-07-19,27.0,21.7,32.2,0.0,0.0,217.0,18.0,1009.5
2022-07-20,27.7,24.4,30.6,0.0,0.0,248.0,23.4,1003.1
2022-07-21,26.9,20.6,33.3,0.0,0.0,270.0,17.3,1007.4
2022-07-22,27.1,20.6,32.8,0.0,0.0,249.0,11.9,1012.9
2022-07-23,25.7,20.0,30.0,45.0,0.0,177.0,19.8,1012.5
2022-07-24,26.6,21.7,30.0,8.1,0.0,253.0,18.7,1010.3
2022-07-25,22.8,17.8,24.4,0.0,0.0,51.0,11.2,1016.4
2022-07-26,22.2,17.8,27.8,0.0,0.0,144.0,7.9,1014.8
2022-07-27,23.9,21.1,28.3,0.0,0.0,257.0,13.0,1010.9
2022-07-28,23.8,19.4,26.7,0.0,0.0,273.0,14.8,1012.1
2022-07-29,22.1,16.7,27.2,0.0,0.0,289.0,12.2,1016.5
2022-07-30,23.1,17.2,28.3,0.0,0.0,265.0,6.1,1020.8
2022-07-31,24.4,18.9,29.4,0.0,0.0,212.0,11.2,1016.8
2022-01-08,25.8,22.2,29.4,0.0,0.0,260.0,16.9,1010.3
2022-02-08,25.7,20.0,32.2,0.0,0.0,208.0,13.3,1012.7
2022-03-08,27.4,23.9,32.8,0.0,0.0,217.0,20.2,1009.1
2022-04-08,25.4,20.6,28.3,0.0,0.0,12.0,14.0,1014.6
2022-05-08,24.8,19.4,31.1,0.0,0.0,65.0,10.8,1017.6
2022-06-08,28.2,23.3,35.0,0.0,0.0,210.0,13.0,1016.9
2022-07-08,26.6,23.9,28.3,5.1,0.0,224.0,9.4,1016.4
2022-08-08,24.3,18.3,27.2,6.1,0.0,246.0,18.4,1013.6
2022-09-08,20.4,16.1,25.0,0.0,0.0,23.0,13.7,1018.8
2022-10-08,22.1,15.6,29.4,0.0,0.0,314.0,7.9,1020.1
2022-11-08,23.9,16.1,26.1,0.0,0.0,23.0,20.9,1020.9
2022-12-08,20.4,14.4,25.0,0.0,0.0,28.0,9.4,1022.5
2022-08-13,22.5,19.4,26.1,0.0,0.0,179.0,17.6,1016.9
2022-08-14,22.5,18.9,25.0,0.0,0.0,32.0,17.3,1012.9
2022-08-15,21.6,18.9,26.1,0.0,0.0,31.0,16.9,1017.1
2022-08-16,21.8,16.7,27.2,0.0,0.0,25.0,15.1,1018.9
2022-08-17,21.8,16.7,27.8,0.0,0.0,17.0,10.8,1019.1
2022-08-18,22.4,16.1,28.9,0.0,0.0,281.0,6.5,1015.8
2022-08-19,24.6,20.0,30.0,0.0,0.0,190.0,16.9,1013.3
2022-08-20,22.4,18.3,25.0,15.5,0.0,182.0,11.9,1013.8
2022-08-21,22.6,18.9,26.1,0.3,0.0,8.0,15.1,1014.7
2022-08-22,22.6,17.8,29.4,0.0,0.0,359.0,9.0,1016.5
2022-08-23,22.8,17.8,29.4,0.0,0.0,301.0,7.9,1015.5
2022-08-24,24.3,19.4,29.4,0.0,0.0,259.0,8.3,1017.0
2022-08-25,22.7,18.9,27.2,8.9,0.0,219.0,13.0,1014.9
2022-08-26,22.3,17.2,25.6,0.0,0.0,23.0,13.0,1017.5
2022-08-27,21.1,15.0,28.3,0.0,0.0,95.0,7.9,1016.6
2022-08-28,24.8,20.0,31.7,9.7,0.0,182.0,16.9,1010.5
2022-08-29,24.6,21.1,29.4,6.6,0.0,227.0,15.8,1009.8
2022-08-30,23.2,18.3,26.7,0.0,0.0,274.0,16.9,1013.5
2022-08-31,22.4,16.7,29.4,0.0,0.0,269.0,13.7,1015.8
2022-01-09,25.2,19.4,31.1,0.0,0.0,244.0,10.8,1016.1
2022-02-09,25.7,21.1,30.0,0.0,0.0,196.0,13.0,1016.5
2022-03-09,25.1,20.0,31.1,0.0,0.0,297.0,17.6,1018.4
2022-04-09,21.2,19.4,22.8,0.0,0.0,30.0,21.6,1018.8
2022-05-09,20.1,17.8,21.1,0.0,0.0,29.0,19.4,1018.4
2022-06-09,21.4,17.8,26.7,0.0,0.0,25.0,10.8,1019.5
2022-07-09,21.8,17.2,27.2,0.0,0.0,29.0,9.4,1019.8
2022-08-09,22.4,16.7,28.9,0.0,0.0,189.0,6.8,1014.8
2022-09-09,23.0,16.7,28.9,0.0,0.0,183.0,11.2,1013.1
2022-10-09,23.3,17.2,28.9,0.0,0.0,267.0,7.6,1015.8
2022-11-09,20.6,14.4,21.7,36.8,0.0,351.0,22.3,1012.3
2022-12-09,14.8,12.2,19.4,0.5,0.0,287.0,13.7,1008.2
2022-09-13,18.8,15.6,25.6,0.3,0.0,296.0,11.2,1011.8
2022-09-14,19.8,14.4,26.1,0.0,0.0,27.0,7.9,1019.6
2022-09-15,20.6,15.6,27.2,0.0,0.0,177.0,9.0,1021.7
2022-09-16,22.7,17.2,27.8,0.0,0.0,195.0,11.2,1019.0
2022-09-17,24.2,20.0,29.4,0.0,0.0,198.0,16.9,1015.6
2022-09-18,25.2,19.4,29.4,11.2,0.0,223.0,10.8,1012.8
2022-09-19,22.6,17.2,25.6,0.0,0.0,33.0,10.1,1014.5
2022-09-20,22.1,17.2,30.0,4.1,0.0,169.0,14.0,1012.9
2022-09-21,25.4,15.6,29.4,0.0,0.0,289.0,19.1,1010.8
2022-09-22,15.9,10.0,17.8,0.0,0.0,352.0,18.4,1021.0
2022-09-23,13.2,10.0,17.8,0.0,0.0,187.0,10.8,1022.1
2022-09-24,15.3,11.1,21.7,2.3,0.0,210.0,12.2,1012.0
2022-09-25,16.3,12.8,20.0,0.8,0.0,280.0,17.3,1007.4
2022-09-26,13.7,10.6,17.8,0.0,0.0,298.0,19.1,1011.6
2022-09-27,11.8,7.8,16.1,0.0,0.0,314.0,16.9,1019.3
2022-09-28,11.2,7.2,16.1,0.0,0.0,14.0,15.1,1030.4
2022-09-29,11.5,6.7,17.8,0.0,0.0,45.0,5.8,1031.1
2022-09-30,13.2,8.3,19.4,0.0,0.0,56.0,7.9,1025.1
2022-01-10,14.5,10.0,20.0,0.0,0.0,7.0,15.8,1023.0
2022-02-10,14.7,10.6,18.3,0.0,0.0,34.0,16.2,1026.9
2022-03-10,13.6,7.2,21.1,0.0,0.0,28.0,4.3,1027.4
2022-04-10,14.1,7.2,23.3,0.0,0.0,318.0,3.6,1023.1
2022-05-10,16.2,8.9,24.4,0.0,0.0,241.0,6.1,1018.7
2022-06-10,17.9,10.6,24.4,1.3,0.0,279.0,17.3,1017.1
2022-07-10,10.4,4.4,13.9,0.0,0.0,357.0,17.3,1027.8
2022-08-10,7.9,3.3,14.4,0.0,0.0,245.0,15.5,1026.4
2022-09-10,11.7,5.6,20.6,0.0,0.0,233.0,12.2,1019.8
2022-10-10,14.9,7.8,22.8,0.0,0.0,10.0,5.8,1020.3
2022-11-10,14.3,10.0,20.6,11.9,0.0,183.0,17.6,1016.6
2022-12-10,15.5,9.4,18.3,6.4,0.0,206.0,20.5,1006.3
2022-10-13,9.3,3.3,12.8,0.0,0.0,247.0,18.4,1005.6
2022-10-14,7.7,3.9,15.0,1.0,0.0,225.0,15.1,1004.6
2022-10-15,6.6,1.7,11.7,0.0,0.0,234.0,17.3,1011.9
2022-10-16,8.8,4.4,12.2,0.0,0.0,277.0,15.5,1013.5
2022-10-17,5.1,2.2,6.1,0.0,0.0,306.0,27.4,1012.5
2022-10-18,4.4,1.7,9.4,0.0,0.0,319.0,27.0,1016.2
2022-10-19,5.3,0.6,8.9,0.0,0.0,276.0,18.0,1015.1
2022-10-20,6.1,0.6,16.7,0.0,0.0,227.0,11.9,1008.8
2022-10-21,12.9,6.1,24.4,0.0,0.0,204.0,18.4,1006.7
2022-10-22,19.4,13.3,26.1,0.0,0.0,184.0,21.6,1008.8
2022-10-23,20.8,16.7,26.1,0.0,0.0,175.0,25.9,1011.7
2022-10-24,21.2,17.2,24.4,0.0,0.0,174.0,25.6,1010.3
2022-10-25,17.7,7.8,21.1,18.8,0.0,187.0,16.2,1005.2
2022-10-26,9.0,4.4,12.2,1.0,0.0,329.0,14.4,1013.9
2022-10-27,7.5,2.8,12.2,0.0,0.0,72.0,9.4,1026.8
2022-10-28,10.4,6.7,16.1,0.0,0.0,84.0,6.1,1028.9
2022-10-29,10.4,3.9,19.4,0.0,0.0,52.0,5.0,1025.9
2022-10-30,11.4,7.2,18.3,1.3,0.0,32.0,6.5,1015.7
2022-10-31,12.8,10.0,13.9,0.5,0.0,21.0,7.9,1010.5
2022-01-11,12.9,7.2,20.0,0.0,0.0,229.0,8.3,1019.5
2022-02-11,13.4,6.1,22.2,0.0,0.0,170.0,9.4,1023.2
2022-03-11,16.7,11.1,22.8,0.0,0.0,182.0,20.5,1018.6
2022-04-11,18.1,16.1,22.2,2.5,0.0,186.0,22.0,1010.2
2022-05-11,16.7,7.2,20.6,4.6,0.0,194.0,33.8,1000.9
2022-06-11,10.3,7.2,16.1,0.0,0.0,222.0,18.4,1014.0
2022-07-11,9.2,3.9,12.2,0.0,0.0,349.0,13.0,1032.4
2022-08-11,8.8,6.7,12.2,0.0,0.0,98.0,17.6,1034.3
2022-09-11,12.9,8.3,21.1,0.0,0.0,178.0,16.2,1023.0
2022-10-11,19.6,15.6,24.4,0.0,0.0,193.0,21.2,1013.4
2022-11-11,10.9,0.0,16.1,0.0,0.0,295.0,19.8,1011.4
2022-12-11,1.1,0.0,2.2,0.0,0.0,293.0,16.2,1017.1
2022-11-13,0.7,-2.1,3.3,0.0,0.0,309.0,12.2,1025.7
2022-11-14,0.4,-2.7,5.6,0.0,0.0,140.0,7.9,1027.3
2022-11-15,2.1,0.6,3.3,6.4,30.0,55.0,9.0,1022.0
2022-11-16,1.3,-0.5,2.8,1.0,0.0,276.0,14.4,1019.5
2022-11-17,-0.2,-1.6,0.6,0.0,0.0,245.0,23.0,1019.8
2022-11-18,-2.3,-6.0,-1.0,0.0,0.0,257.0,24.5,1020.9
2022-11-19,-5.2,-8.8,-2.7,0.0,0.0,254.0,25.9,1018.9
2022-11-20,-5.9,-10.5,1.1,0.0,0.0,228.0,20.5,1026.0
2022-11-21,1.9,-1.0,8.3,0.0,0.0,252.0,18.4,1021.1
2022-11-22,3.2,-3.2,11.1,0.0,0.0,244.0,10.4,1022.5
2022-11-23,6.4,1.1,14.4,0.0,0.0,196.0,10.8,1020.7
2022-11-24,7.5,1.7,12.2,0.0,0.0,207.0,13.0,1019.2
2022-11-25,6.4,0.6,11.1,0.0,0.0,259.0,11.5,1021.9
2022-11-26,6.3,1.1,13.3,0.0,0.0,205.0,14.8,1014.6
2022-11-27,6.9,1.7,8.3,6.6,0.0,0.0,16.9,1003.0
2022-11-28,3.1,-1.6,7.8,0.0,0.0,194.0,10.8,1013.1
2022-11-29,7.9,1.1,14.4,0.8,0.0,179.0,24.8,1004.5
2022-11-30,0.6,-6.6,1.7,0.0,0.0,264.0,28.4,1016.9
2022-01-12,-4.2,-7.7,2.2,0.0,0.0,207.0,16.6,1028.6
2022-02-12,4.6,2.2,11.7,0.0,0.0,195.0,27.0,1011.5
2022-03-12,2.6,-6.0,10.6,0.0,0.0,269.0,21.6,1024.7
2022-04-12,-2.9,-7.1,4.4,0.0,0.0,226.0,18.0,1021.7
2022-05-12,1.7,-1.6,6.7,0.0,0.0,200.0,11.9,1012.4
2022-06-12,4.9,2.2,6.1,0.0,0.0,19.0,9.7,1016.4
2022-07-12,4.1,1.1,6.1,0.0,0.0,311.0,9.4,1024.6
2022-08-12,2.5,-1.0,5.0,0.0,0.0,45.0,13.7,1028.1
2022-09-12,2.6,1.1,3.3,11.7,0.0,84.0,18.4,1022.6
2022-10-12,3.4,2.8,4.4,0.5,0.0,117.0,9.0,1022.1
2022-11-12,3.5,2.2,4.4,0.0,0.0,322.0,8.6,1023.3
2022-12-12,3.6,1.7,5.6,0.0,0.0,77.0,12.2,1025.7
2022-12-13,2.7,1.7,3.3,0.3,0.0,113.0,23.8,1021.3
2022-12-14,4.1,2.8,6.7,35.1,0.0,106.0,21.6,1008.0
2022-12-15,2.6,-0.5,3.3,4.6,0.0,218.0,19.4,1001.2
2022-12-16,-0.9,-3.2,-0.5,0.5,0.0,224.0,22.0,1004.6
2022-12-17,-3.7,-6.0,-3.2,0.0,30.0,249.0,23.0,1008.8
2022-12-18,-7.0,-9.9,-6.0,0.0,0.0,258.0,19.4,1021.0
2022-12-19,-8.7,-12.1,-3.2,0.0,0.0,276.0,6.5,1030.6
2022-12-20,-2.5,-7.7,0.6,0.0,0.0,264.0,10.4,1031.5
2022-12-21,-6.7,-11.6,0.0,0.0,0.0,19.0,8.6,1028.0
2022-12-22,-2.2,-21.0,0.6,2.3,0.0,262.0,18.4,1011.9
2022-12-23,-19.9,-22.1,-18.2,0.0,30.0,270.0,34.9,1012.2
2022-12-24,-15.8,-18.2,-9.9,0.0,30.0,272.0,29.5,1014.1
2022-12-25,-13.4,-16.6,-9.9,0.0,30.0,263.0,19.4,1018.4
2022-12-26,-8.4,-11.6,-5.5,0.0,30.0,330.0,6.1,1021.9
2022-12-27,-9.6,-13.2,-3.8,0.0,30.0,204.0,19.4,1019.9
2022-12-28,-0.3,-3.8,7.2,0.0,30.0,189.0,26.3,1009.3
2022-12-29,9.2,6.1,15.0,0.0,0.0,188.0,25.9,1009.4
2022-12-30,8.7,-1.0,13.9,0.0,0.0,255.0,14.0,1014.4
2022-12-31,0.1,-3.2,3.9,0.0,0.0,23.0,4.3,1013.4
2023-01-01,4.3,2.8,7.2,4.1,0.0,245.0,6.1,1013.7
2023-02-01,3.4,0.0,6.1,0.0,0.0,31.0,10.4,1016.8
2023-03-01,4.8,3.9,8.9,28.4,0.0,28.0,12.2,1003.9
2023-04-01,3.9,0.6,6.7,0.0,0.0,228.0,13.3,1006.5
2023-05-01,0.6,0.0,1.1,0.5,0.0,234.0,13.7,1011.7
2023-06-01,-0.5,-3.8,1.1,0.0,0.0,259.0,11.2,1021.0
2023-07-01,-1.8,-2.7,0.0,0.0,0.0,352.0,9.4,1028.5
2023-08-01,-1.1,-3.2,0.6,0.0,0.0,319.0,7.9,1024.3
2023-09-01,-0.6,-3.8,6.7,0.0,0.0,206.0,13.7,1018.9
2023-10-01,4.7,1.1,10.0,0.0,0.0,191.0,7.9,1011.5
2023-11-01,6.1,3.3,13.9,0.0,0.0,53.0,5.4,1009.2
2023-12-01,4.6,2.2,6.1,0.0,0.0,0.0,23.0,1014.6
2023-01-13,0.6,-3.2,2.2,0.5,0.0,344.0,23.0,1023.8
2023-01-14,-2.8,-4.3,-0.5,0.0,0.0,222.0,11.9,1025.1
2023-01-15,-0.3,-3.2,6.7,0.0,0.0,164.0,20.9,1018.0
2023-01-16,5.4,4.4,11.1,4.6,0.0,169.0,22.3,1004.1
2023-01-17,6.4,2.8,9.4,0.0,0.0,253.0,23.8,1003.0
2023-01-18,3.2,2.2,5.0,6.1,0.0,41.0,17.3,1013.4
2023-01-19,3.8,1.1,5.6,3.6,0.0,223.0,14.0,1000.8
2023-01-20,1.0,-1.6,1.7,0.0,0.0,287.0,17.3,1017.9
2023-01-21,-1.3,-2.1,0.0,0.0,0.0,230.0,12.6,1021.2
2023-01-22,-0.3,-3.2,1.1,3.3,30.0,337.0,7.9,1012.8
2023-01-23,-3.0,-6.0,-1.0,0.0,0.0,257.0,19.4,1018.4
2023-01-24,-0.7,-2.1,2.2,0.0,0.0,263.0,10.1,1021.4
2023-01-25,0.7,-0.5,1.1,7.6,50.0,1.0,13.3,1008.6
2023-01-26,-1.9,-9.3,0.0,1.0,50.0,254.0,16.9,1013.3
2023-01-27,-5.6,-10.5,2.2,1.5,50.0,218.0,24.5,1011.3
2023-01-28,-4.6,-7.1,-0.5,3.8,30.0,7.0,13.3,1020.5
2023-01-29,-3.4,-7.7,-0.5,0.5,80.0,341.0,17.3,1023.2
2023-01-30,-9.5,-14.9,-7.7,0.5,80.0,313.0,15.5,1029.7
2023-01-31,-14.3,-18.2,-11.0,0.0,80.0,269.0,9.7,1030.7
2023-01-02,-10.7,-14.3,-2.7,0.0,80.0,222.0,16.9,1026.8
2023-02-02,-3.4,-12.1,0.6,0.0,50.0,267.0,22.3,1021.8
2023-03-02,-12.7,-18.2,-11.6,0.0,50.0,302.0,12.6,1035.2
2023-04-02,-6.5,-11.6,5.6,0.0,50.0,196.0,23.0,1019.6
2023-05-02,3.8,-2.1,5.0,0.0,50.0,268.0,17.6,1014.1
2023-06-02,0.2,-4.9,8.3,0.0,0.0,145.0,15.8,1018.8
2023-07-02,5.2,0.0,10.6,0.0,0.0,249.0,20.5,1015.4
2023-08-02,1.4,-2.7,6.7,0.0,0.0,161.0,6.5,1022.3
2023-09-02,3.9,2.2,5.6,23.1,0.0,355.0,19.4,1006.5
2023-10-02,2.1,-2.7,3.3,0.0,0.0,287.0,15.5,1025.2
2023-11-02,0.3,-4.9,8.3,0.0,0.0,222.0,13.0,1026.3
2023-12-02,4.0,-1.0,11.1,0.0,0.0,227.0,14.8,1014.8
2023-02-13,6.4,1.1,11.1,0.0,0.0,254.0,14.0,1010.1
2023-02-14,6.2,0.6,12.8,3.3,0.0,161.0,22.0,1004.8
2023-02-15,8.1,1.1,10.6,3.8,0.0,251.0,25.6,1007.0
2023-02-16,1.2,-4.3,1.7,9.4,0.0,22.0,29.9,1013.7
2023-02-17,-4.4,-8.2,-3.2,0.0,50.0,296.0,19.1,1024.5
2023-02-18,-0.6,-3.8,6.7,0.0,30.0,210.0,20.9,1021.3
2023-02-19,6.4,3.3,10.6,0.0,0.0,235.0,22.3,1010.3
2023-02-20,3.7,-1.6,8.9,0.0,0.0,48.0,10.4,1007.0
2023-02-21,1.7,-4.3,4.4,0.0,0.0,266.0,19.8,1007.6
2023-02-22,1.1,0.6,2.2,30.5,0.0,64.0,24.5,1005.1
2023-02-23,1.9,-4.9,4.4,0.0,0.0,269.0,23.0,1014.5
2023-02-24,-4.3,-7.7,-1.6,1.5,0.0,30.0,13.3,1035.7
2023-02-25,-1.5,-3.2,3.3,0.0,50.0,233.0,14.4,1022.8
2023-02-26,2.8,-2.1,11.1,0.0,0.0,138.0,10.1,1014.6
2023-02-27,6.9,3.3,14.4,25.7,0.0,180.0,22.3,994.2
2023-02-28,5.4,3.3,11.1,0.0,0.0,344.0,12.2,1009.8
2023-01-03,7.1,3.3,13.3,7.1,0.0,280.0,14.4,1007.5
2023-02-03,4.4,0.6,4.4,0.0,0.0,25.0,15.5,1013.9
2023-03-03,2.0,0.6,3.3,0.0,0.0,41.0,22.7,1003.8
2023-04-03,2.9,-1.6,10.0,1.3,0.0,252.0,11.5,1013.9
2023-05-03,4.4,-0.5,10.0,1.3,0.0,49.0,12.6,1022.0
2023-06-03,6.8,4.4,12.8,2.5,0.0,32.0,15.5,1013.9
2023-07-03,4.8,2.2,7.2,0.0,0.0,40.0,23.0,1029.4
2023-08-03,4.3,2.2,8.3,0.0,0.0,87.0,20.5,1032.4
2023-09-03,3.8,0.6,4.4,7.9,0.0,70.0,21.2,1024.2
2023-10-03,1.4,0.6,2.8,3.8,30.0,8.0,17.6,1017.2
2023-11-03,1.7,0.0,3.9,3.3,0.0,60.0,13.7,1017.7
2023-12-03,1.6,-1.0,2.8,2.0,0.0,173.0,13.0,1013.1
2023-03-13,-0.8,-3.2,0.6,0.0,0.0,307.0,19.4,1018.5
2023-03-14,-2.2,-6.6,3.3,0.0,0.0,319.0,10.8,1027.6
2023-03-15,1.3,-4.9,10.0,0.0,0.0,180.0,18.0,1022.4
2023-03-16,6.8,5.0,10.0,5.3,0.0,185.0,19.4,1007.2
2023-03-17,3.1,-6.0,8.3,1.0,0.0,270.0,29.9,1006.0
2023-03-18,-6.2,-11.0,-3.8,0.0,0.0,283.0,24.8,1017.5
2023-03-19,-2.8,-7.1,4.4,0.0,0.0,251.0,19.8,1024.3
2023-03-20,3.2,-1.0,11.1,0.0,0.0,210.0,28.1,1019.0
2023-03-21,7.3,2.8,12.2,0.0,0.0,188.0,21.2,1020.3
2023-03-22,6.4,4.4,11.7,1.0,0.0,188.0,11.2,1014.9
2023-03-23,6.6,2.2,8.9,7.1,0.0,31.0,15.1,1014.9
2023-03-24,3.9,1.7,7.2,0.5,0.0,54.0,19.4,1014.5
2023-03-25,3.1,1.1,6.7,19.0,0.0,303.0,23.8,1002.6
2023-03-26,4.5,1.1,8.9,3.0,0.0,5.0,13.7,1013.9
2023-03-27,3.8,0.0,7.8,0.0,0.0,9.0,17.6,1020.7
2023-03-28,3.7,-1.0,10.6,0.0,0.0,280.0,9.4,1024.5
2023-03-29,4.2,-1.6,5.6,0.0,0.0,280.0,14.8,1023.7
2023-03-30,2.0,-2.7,13.9,0.0,0.0,124.0,16.2,1021.8
2023-03-31,14.1,9.4,21.1,30.2,0.0,206.0,25.2,1000.8
2023-01-04,6.9,0.0,8.9,0.8,0.0,293.0,19.8,1005.4
2023-02-04,4.2,-1.0,13.3,0.0,0.0,166.0,18.4,1014.3
2023-03-04,11.5,6.7,17.8,3.0,0.0,100.0,16.9,1009.0
2023-04-04,8.4,6.7,20.6,19.6,0.0,84.0,21.2,1007.1
2023-05-04,17.4,3.3,22.2,7.1,0.0,222.0,25.6,1005.8
2023-06-04,4.9,0.0,11.1,0.0,0.0,264.0,16.6,1026.8
2023-07-04,6.3,1.7,9.4,0.0,0.0,59.0,13.3,1033.1
2023-08-04,8.2,2.2,17.2,0.0,0.0,144.0,11.2,1028.9
2023-09-04,12.3,5.0,20.0,0.0,0.0,176.0,12.2,1029.2
2023-10-04,15.2,9.4,21.7,0.0,0.0,194.0,13.0,1026.5
2023-11-04,18.4,11.1,26.1,0.0,0.0,224.0,18.0,1020.9
2023-12-04,21.2,13.9,27.8,0.0,0.0,225.0,23.8,1013.5
2023-04-13,21.6,13.9,28.3,0.0,0.0,200.0,15.1,1010.4
2023-04-14,21.7,13.3,28.3,0.0,0.0,155.0,9.4,1008.1
2023-04-15,22.1,17.8,28.3,0.3,0.0,192.0,15.1,1006.6
2023-04-16,13.2,1.1,17.8,2.5,0.0,230.0,24.1,1002.3
2023-04-17,1.9,0.0,3.9,1.8,0.0,277.0,25.9,1004.5
2023-04-18,5.8,0.6,14.4,0.0,0.0,289.0,12.2,1013.3
2023-04-19,10.6,5.6,17.8,0.3,0.0,76.0,19.8,1013.6
2023-04-20,16.1,8.9,26.1,3.0,0.0,195.0,21.6,1008.8
2023-04-21,12.1,6.7,17.2,0.0,0.0,244.0,16.6,1012.3
2023-04-22,6.6,1.7,8.3,1.3,0.0,258.0,16.9,1011.0
2023-04-23,4.3,2.2,5.6,0.0,0.0,270.0,11.9,1018.1
2023-04-24,5.9,2.2,12.2,0.3,0.0,257.0,13.7,1021.2
2023-04-25,6.2,1.7,7.8,4.1,0.0,33.0,16.9,1021.9
2023-04-26,5.2,-0.5,11.1,0.0,0.0,64.0,11.5,1024.4
2023-04-27,9.3,2.8,19.4,0.0,0.0,137.0,13.3,1016.0
2023-04-28,12.3,7.2,17.2,0.0,0.0,31.0,11.5,1010.0
2023-04-29,10.0,6.1,15.0,4.3,0.0,280.0,13.0,1003.9
2023-04-30,7.2,4.4,8.9,3.0,0.0,272.0,19.8,997.3
2023-01-05,5.7,4.4,10.0,2.0,0.0,299.0,27.7,997.0
2023-02-05,9.2,5.6,12.2,0.0,0.0,316.0,25.9,1002.8
2023-03-05,8.8,3.3,15.0,0.0,0.0,10.0,13.0,1012.7
2023-04-05,12.6,5.6,22.2,0.0,0.0,187.0,12.2,1014.6
2023-05-05,18.4,12.8,25.6,0.0,0.0,168.0,20.9,1015.8
2023-06-05,19.5,15.0,25.6,0.3,0.0,149.0,19.1,1015.9
2023-07-05,23.2,14.4,30.6,1.0,0.0,212.0,17.3,1011.2
2023-08-05,13.0,10.6,15.6,4.1,0.0,33.0,16.2,1014.2
2023-09-05,13.9,7.8,21.1,0.0,0.0,30.0,10.1,1020.4
2023-10-05,17.7,9.4,27.2,0.0,0.0,96.0,8.3,1020.7
2023-11-05,20.5,12.8,28.9,0.0,0.0,110.0,10.1,1017.6
2023-12-05,21.3,13.9,25.0,2.0,0.0,58.0,10.8,1016.0
2023-05-13,16.3,13.3,21.1,0.0,0.0,32.0,16.2,1020.1
2023-05-14,15.1,11.1,17.2,0.5,0.0,41.0,18.0,1026.5
2023-05-15,14.2,10.6,20.0,0.0,0.0,37.0,10.1,1025.2
2023-05-16,17.8,10.6,27.2,0.0,0.0,287.0,16.9,1012.4
2023-05-17,12.1,7.2,16.1,0.0,0.0,39.0,19.8,1016.2
2023-05-18,13.6,6.7,23.9,0.0,0.0,139.0,13.7,1016.6
2023-05-19,20.0,12.2,24.4,0.8,0.0,250.0,16.6,1014.1
2023-05-20,15.2,8.3,22.8,0.0,0.0,1.0,12.6,1020.1
2023-05-21,19.3,12.2,27.2,0.0,0.0,259.0,9.7,1020.1
2023-05-22,20.9,12.8,28.3,0.0,0.0,74.0,10.1,1019.3
2023-05-23,22.0,13.9,30.0,0.0,0.0,97.0,8.3,1018.9
2023-05-24,18.6,11.1,19.4,0.0,0.0,23.0,20.9,1021.6
2023-05-25,12.4,7.8,16.7,0.0,0.0,48.0,19.1,1025.6
2023-05-26,13.9,7.2,21.1,0.0,0.0,35.0,13.0,1026.6
2023-05-27,16.4,8.3,23.3,0.0,0.0,50.0,12.2,1024.6
2023-05-28,19.2,11.7,26.7,0.0,0.0,38.0,13.7,1019.8
2023-05-29,20.6,11.7,30.0,0.0,0.0,55.0,11.2,1016.0
2023-05-30,24.1,15.0,32.8,0.0,0.0,65.0,10.8,1014.4
2023-05-31,25.5,20.6,32.8,7.4,0.0,138.0,9.4,1014.7
2023-01-06,25.4,20.0,32.8,22.4,0.0,131.0,7.6,1016.7
2023-02-06,25.6,18.3,32.8,0.0,0.0,50.0,12.2,1016.8
2023-03-06,24.7,17.2,30.6,0.0,0.0,23.0,16.2,1016.1
2023-04-06,22.5,15.0,25.0,0.0,0.0,46.0,14.8,1017.2
2023-05-06,20.7,13.3,28.9,0.0,0.0,26.0,6.5,1017.1
2023-06-06,21.4,16.1,25.0,0.0,0.0,16.0,13.3,1014.0
2023-07-06,18.7,12.8,23.9,0.0,0.0,22.0,17.6,1011.9
2023-08-06,17.4,10.6,23.9,0.0,0.0,17.0,13.3,1012.5
2023-09-06,19.6,12.8,28.3,0.0,0.0,4.0,9.7,1012.2
2023-10-06,23.2,16.7,30.0,0.0,0.0,213.0,13.7,1008.4
2023-11-06,16.7,10.0,17.8,1.3,0.0,14.0,29.9,1009.5
2023-12-06,14.1,9.4,21.1,0.0,0.0,301.0,15.1,1009.8
2023-06-13,16.2,12.8,18.3,13.7,0.0,276.0,15.5,1003.3
2023-06-14,18.5,15.0,25.0,0.0,0.0,54.0,7.6,1004.4
2023-06-15,19.5,11.7,26.7,0.0,0.0,46.0,18.4,1006.7
2023-06-16,14.6,11.1,20.0,0.0,0.0,22.0,16.2,1014.1
2023-06-17,18.7,11.7,27.2,0.0,0.0,37.0,7.2,1014.4
2023-06-18,22.5,15.6,30.0,0.0,0.0,111.0,13.0,1009.8
2023-06-19,24.1,16.1,30.6,0.0,0.0,39.0,13.7,1011.7
2023-06-20,22.8,15.6,28.3,0.0,0.0,24.0,17.6,1016.6
2023-06-21,23.8,16.1,31.1,0.0,0.0,41.0,16.6,1018.3
2023-06-22,24.4,18.9,30.0,0.0,0.0,27.0,15.8,1016.0
2023-06-23,23.9,18.3,30.0,0.0,0.0,18.0,11.5,1013.2
2023-06-24,25.8,18.9,33.9,0.5,0.0,80.0,10.4,1011.2
2023-06-25,25.3,20.0,30.0,19.6,0.0,220.0,21.6,1002.9
2023-06-26,21.4,20.0,23.9,1.0,0.0,289.0,19.8,1003.4
2023-06-27,21.4,17.2,25.6,0.0,0.0,11.0,14.0,1011.5
2023-06-28,21.4,14.4,29.4,0.0,0.0,102.0,10.8,1014.3
2023-06-29,25.7,22.2,31.1,1.5,0.0,191.0,13.3,1010.3
2023-06-30,26.5,22.2,32.8,0.0,0.0,258.0,9.4,1012.3
2023-01-07,25.6,22.2,30.0,11.9,0.0,334.0,5.0,1010.0
2023-02-07,21.7,18.9,22.8,85.1,0.0,14.0,14.4,1007.4
2023-03-07,23.2,17.8,31.1,0.0,0.0,13.0,10.8,1012.0
2023-04-07,26.7,21.1,33.3,0.0,0.0,249.0,10.4,1014.1
2023-05-07,27.8,21.7,32.8,11.7,0.0,203.0,9.4,1013.2
2023-06-07,23.3,18.9,27.8,0.0,0.0,41.0,13.0,1013.8
2023-07-07,22.4,17.8,27.2,0.3,0.0,44.0,9.7,1013.9
2023-08-07,20.7,17.8,24.4,3.6,0.0,353.0,10.1,1011.5
2023-09-07,22.6,16.1,29.4,0.0,0.0,281.0,8.6,1011.6
2023-10-07,24.8,18.3,30.6,0.0,0.0,230.0,14.4,1011.9
2023-11-07,24.4,20.6,30.0,4.6,0.0,158.0,16.6,1012.1
2023-12-07,20.3,17.8,24.4,23.1,0.0,106.0,14.4,1010.5
2023-07-13,20.4,17.2,25.6,0.8,0.0,290.0,7.9,1010.4
2023-07-14,25.2,20.0,32.2,5.3,0.0,225.0,15.8,1009.3
2023-07-15,25.3,21.1,29.4,0.3,0.0,253.0,14.0,1008.7
2023-07-16,23.8,19.4,27.2,0.0,0.0,255.0,15.5,1010.5
2023-07-17,23.2,18.9,26.7,0.0,0.0,270.0,13.0,1012.3
2023-07-18,22.3,17.2,27.2,0.0,0.0,6.0,8.3,1014.8
2023-07-19,23.3,17.2,30.0,0.0,0.0,248.0,6.8,1016.2
2023-07-20,26.0,20.0,30.6,0.0,0.0,267.0,18.0,1012.1
2023-07-21,23.0,17.8,27.8,0.0,0.0,13.0,10.4,1015.1
2023-07-22,23.6,18.3,29.4,0.5,0.0,246.0,12.6,1012.8
2023-07-23,22.3,17.8,28.9,2.5,0.0,274.0,8.3,1012.7
2023-07-24,25.6,20.0,31.7,0.0,0.0,325.0,6.1,1016.1
2023-07-25,26.3,21.1,32.8,0.0,0.0,198.0,10.8,1016.9
2023-07-26,27.3,21.7,32.2,9.7,0.0,204.0,13.0,1009.5
2023-07-27,28.2,22.2,33.3,0.0,0.0,42.0,6.1,1013.0
2023-07-28,28.7,21.1,33.9,34.0,0.0,206.0,16.6,1012.9
2023-07-29,24.6,20.6,28.3,0.0,0.0,6.0,12.2,1016.2
2023-07-30,23.3,19.4,26.7,0.0,0.0,25.0,11.5,1018.3
2023-07-31,22.8,17.8,28.3,0.0,0.0,14.0,7.2,1020.0
2023-01-08,24.5,20.6,29.4,0.0,0.0,207.0,11.2,1020.8
2023-02-08,25.3,20.0,29.4,0.0,0.0,192.0,12.2,1017.8
2023-03-08,25.4,19.4,32.2,0.0,0.0,300.0,5.8,1014.4
2023-04-08,26.2,21.1,30.0,0.0,0.0,40.0,14.8,1015.0
2023-05-08,23.2,20.6,25.0,3.0,0.0,72.0,15.1,1014.2
2023-06-08,21.0,18.9,22.8,0.3,0.0,27.0,18.7,1010.5
2023-07-08,22.2,18.9,27.8,0.0,0.0,20.0,14.8,1009.7
2023-08-08,23.1,17.8,29.4,0.0,0.0,261.0,11.9,1011.9
2023-09-08,22.8,18.9,26.1,0.0,0.0,234.0,9.0,1009.2
2023-10-08,23.3,18.3,30.0,0.0,0.0,247.0,13.0,1007.2
2023-11-08,24.9,21.1,29.4,0.0,0.0,228.0,15.1,1007.1
2023-12-08,25.9,20.0,30.6,0.0,0.0,283.0,13.7,1009.4
2023-08-13,23.9,18.9,27.2,0.0,0.0,38.0,11.9,1014.9
2023-08-14,22.1,17.8,24.4,20.3,0.0,55.0,13.0,1011.0
2023-08-15,20.1,16.7,25.6,5.1,0.0,341.0,15.8,1014.1
2023-08-16,21.2,15.6,27.8,0.0,0.0,230.0,15.1,1014.2
2023-08-17,22.9,17.2,26.7,5.1,0.0,262.0,20.9,1007.3
2023-08-18,20.4,15.0,26.1,0.0,0.0,286.0,8.6,1016.1
2023-08-19,22.1,17.2,28.9,0.0,0.0,175.0,16.9,1015.2
2023-08-20,26.8,21.1,32.8,0.0,0.0,20.0,12.2,1017.1
2023-08-21,24.3,20.6,27.8,0.0,0.0,31.0,16.6,1022.3
2023-08-22,24.9,20.6,32.2,0.0,0.0,122.0,11.5,1020.5
2023-08-23,29.9,25.0,36.7,0.0,0.0,235.0,19.8,1013.2
2023-08-24,32.3,23.9,37.8,0.0,0.0,238.0,18.4,1009.2
2023-08-25,25.8,21.7,27.8,0.0,0.0,47.0,12.6,1013.4
2023-08-26,23.2,17.2,25.0,0.0,0.0,17.0,22.7,1015.9
2023-08-27,20.6,16.1,23.9,0.0,0.0,43.0,15.5,1017.6
2023-08-28,21.2,15.0,27.8,0.0,0.0,58.0,7.6,1016.4
2023-08-29,22.9,17.2,30.6,0.0,0.0,267.0,18.4,1012.6
2023-08-30,19.1,12.8,21.7,0.0,0.0,11.0,20.2,1017.6
2023-08-31,18.6,12.2,26.1,0.0,0.0,66.0,9.4,1019.6
2023-01-09,21.4,14.4,29.4,0.0,0.0,170.0,10.8,1021.0
2023-02-09,24.3,17.8,31.7,0.0,0.0,214.0,14.8,1017.7
2023-03-09,27.4,21.1,34.4,0.0,0.0,225.0,18.7,1013.7
2023-04-09,28.2,21.7,34.4,0.0,0.0,201.0,14.8,1012.1
2023-05-09,28.8,23.3,34.4,0.5,0.0,182.0,20.5,1010.9
2023-06-09,25.1,21.7,28.3,1.3,0.0,225.0,18.4,1007.8
2023-07-09,20.4,17.8,21.7,0.8,0.0,338.0,15.1,1012.4
2023-08-09,18.3,14.4,20.0,0.3,0.0,359.0,16.9,1018.3
2023-09-09,18.3,13.3,24.4,0.0,0.0,9.0,11.9,1021.3
2023-10-09,19.3,12.2,28.3,0.3,0.0,345.0,6.1,1019.8
2023-11-09,19.4,16.1,21.1,19.6,0.0,305.0,10.1,1017.7
2023-12-09,17.3,13.9,22.2,0.0,0.0,356.0,12.2,1018.2
2023-09-13,16.8,12.2,22.2,0.0,0.0,9.0,10.1,1019.2
2023-09-14,17.2,11.7,23.3,0.0,0.0,24.0,6.5,1021.4
2023-09-15,18.6,12.2,26.1,0.0,0.0,169.0,6.5,1019.8
2023-09-16,18.9,15.6,21.1,0.8,0.0,227.0,5.4,1016.2
2023-09-17,16.4,13.9,17.8,40.6,0.0,353.0,16.6,1014.7
2023-09-18,16.3,11.7,22.8,0.0,0.0,30.0,7.9,1017.1
2023-09-19,15.9,14.4,20.0,6.9,0.0,152.0,12.6,1016.0
2023-09-20,21.1,17.2,26.7,0.3,0.0,187.0,10.4,1017.2
2023-09-21,21.6,18.9,27.2,1.3,0.0,46.0,6.5,1021.0
2023-09-22,21.7,18.9,26.7,0.3,0.0,121.0,9.4,1020.2
2023-09-23,22.7,18.3,27.2,0.0,0.0,113.0,15.1,1017.6
2023-09-24,20.3,15.0,26.1,0.0,0.0,122.0,12.6,1016.1
2023-09-25,20.8,17.8,23.9,2.8,0.0,108.0,13.3,1017.9
2023-09-26,19.5,17.2,22.8,9.1,0.0,105.0,16.2,1018.1
2023-09-27,19.4,17.2,22.2,0.5,0.0,96.0,13.3,1017.6
2023-09-28,19.5,16.1,21.7,0.3,0.0,29.0,12.2,1018.0
2023-09-29,19.3,15.0,25.0,0.0,0.0,95.0,7.6,1019.7
2023-09-30,21.4,16.1,28.9,0.0,0.0,151.0,10.4,1022.1
2023-01-10,23.4,17.2,30.6,0.0,0.0,150.0,6.5,1024.1
2023-02-10,23.3,17.8,30.0,0.0,0.0,173.0,6.8,1021.9
2023-03-10,24.1,17.8,30.6,0.0,0.0,178.0,10.4,1018.2
2023-04-10,25.6,20.0,28.9,2.3,0.0,197.0,17.6,1013.7
2023-05-10,21.7,15.6,22.8,5.3,0.0,249.0,10.1,1012.3
2023-06-10,14.3,9.4,16.7,0.5,0.0,257.0,18.4,1014.8
2023-07-10,10.9,7.8,16.1,0.0,0.0,294.0,18.4,1018.8
2023-08-10,10.7,7.2,13.9,0.0,0.0,294.0,10.8,1013.9
2023-09-10,10.7,6.7,15.0,0.0,0.0,291.0,14.8,1009.4
2023-10-10,10.9,5.6,17.8,0.0,0.0,256.0,13.0,1008.5
2023-11-10,12.6,5.6,19.4,4.3,0.0,247.0,8.6,1009.4
2023-12-10,14.2,12.8,16.7,4.6,0.0,79.0,18.4,1011.4
2023-10-13,14.8,13.3,15.6,14.0,0.0,93.0,21.2,1010.1
2023-10-14,13.1,9.4,13.9,14.5,0.0,33.0,26.6,1010.4
2023-10-15,11.2,8.3,15.6,0.3,0.0,334.0,18.7,1017.5
2023-10-16,11.4,6.1,13.3,0.0,0.0,335.0,14.4,1017.7
2023-10-17,10.7,5.0,17.8,0.0,0.0,246.0,7.2,1016.8
2023-10-18,13.1,7.8,20.0,1.0,0.0,178.0,16.2,1012.3
2023-10-19,15.0,12.2,16.1,2.5,0.0,220.0,13.0,1005.1
2023-10-20,13.3,8.9,16.1,0.0,0.0,296.0,14.4,1004.8
2023-10-21,12.3,8.3,18.3,0.5,0.0,269.0,18.0,1005.5
2023-10-22,10.5,5.6,16.1,0.0,0.0,353.0,10.1,1018.8
2023-10-23,11.6,7.2,19.4,0.0,0.0,167.0,16.6,1018.3
2023-10-24,20.4,16.7,28.3,0.0,0.0,201.0,21.6,1015.5
2023-10-25,18.9,16.1,20.6,2.5,0.0,197.0,10.4,1016.9
2023-10-26,19.7,18.3,22.2,2.8,0.0,192.0,18.7,1014.3
2023-10-27,19.7,7.2,22.2,1.8,0.0,231.0,18.4,1014.7
2023-10-28,8.2,3.9,11.1,0.0,0.0,353.0,18.4,1024.1
2023-10-29,7.9,3.9,8.3,0.3,0.0,343.0,20.2,1020.8
2023-10-30,4.1,-0.5,6.7,0.0,0.0,285.0,14.0,1022.4
2023-10-31,0.9,-1.0,3.3,0.8,0.0,258.0,18.7,1019.9
2023-01-11,1.9,-1.6,5.6,0.0,0.0,250.0,13.3,1027.1
2023-02-11,6.5,1.7,13.9,0.0,0.0,202.0,18.4,1022.5
2023-03-11,10.8,8.3,15.0,0.3,0.0,210.0,15.8,1017.4
2023-04-11,10.8,5.0,15.6,0.0,0.0,3.0,8.6,1020.4
2023-05-11,9.1,3.3,16.7,0.0,0.0,198.0,11.9,1019.3
2023-06-11,15.6,12.8,20.6,0.0,0.0,228.0,24.1,1006.7
2023-07-11,11.1,5.0,13.3,0.0,0.0,32.0,15.8,1015.2
2023-08-11,9.9,8.3,13.3,2.0,0.0,69.0,15.8,1007.8
2023-09-11,9.4,4.4,13.3,0.0,0.0,259.0,16.6,1017.1
2023-10-11,6.5,1.7,8.3,0.0,0.0,276.0,13.3,1023.4
2023-11-11,4.2,-1.0,10.6,0.0,0.0,219.0,6.8,1030.1
2023-12-11,8.7,5.6,13.9,0.0,0.0,184.0,18.4,1026.7
2023-11-13,10.6,3.3,17.2,0.0,0.0,277.0,12.6,1027.0
2023-11-14,8.1,0.0,16.1,0.0,0.0,198.0,9.7,1026.3
2023-11-15,11.0,6.1,17.8,0.0,0.0,228.0,11.5,1021.3
2023-11-16,11.9,6.7,18.9,0.0,0.0,199.0,19.1,1014.6
2023-11-17,12.4,1.1,15.6,0.3,0.0,338.0,15.1,1013.5
2023-11-18,4.7,-0.5,11.7,0.0,0.0,238.0,13.0,1016.7
2023-11-19,7.0,1.7,12.2,0.0,0.0,27.0,10.4,1017.7
2023-11-20,7.8,5.6,10.0,3.8,0.0,87.0,21.6,1019.9
2023-11-21,5.9,2.2,6.7,11.2,0.0,336.0,16.2,1012.0
2023-11-22,4.1,1.1,7.8,0.0,0.0,259.0,14.4,1015.3
2023-11-23,4.0,0.0,8.9,0.0,0.0,330.0,16.6,1017.7
2023-11-24,-0.4,-3.8,1.1,0.0,0.0,348.0,18.4,1031.5
2023-11-25,-1.1,-4.3,3.9,0.0,0.0,333.0,5.4,1026.1
2023-11-26,-0.2,-2.1,0.6,4.3,30.0,253.0,10.8,1011.3
2023-11-27,-3.3,-7.7,-1.6,0.0,30.0,267.0,20.2,1016.7
2023-11-28,-7.5,-9.9,-4.3,0.0,0.0,260.0,16.2,1023.4
2023-11-29,-2.8,-6.6,4.4,0.0,0.0,222.0,16.2,1013.2
2023-11-30,4.2,0.0,10.6,0.0,0.0,225.0,15.5,1009.9
2023-01-12,6.6,3.9,6.7,16.8,0.0,31.0,13.0,1010.2
2023-02-12,4.8,3.9,6.1,0.0,0.0,31.0,10.1,1014.4
2023-03-12,4.1,2.2,4.4,7.1,0.0,274.0,11.5,1008.2
2023-04-12,2.8,0.0,5.0,0.0,0.0,283.0,9.7,1015.1
2023-05-12,2.7,0.0,5.0,3.0,0.0,6.0,14.0,1018.1
2023-06-12,1.8,0.0,3.9,0.0,0.0,245.0,16.9,1022.7
2023-07-12,5.0,2.2,10.6,0.0,0.0,198.0,16.6,1010.0
2023-08-12,9.7,7.8,13.3,0.0,0.0,196.0,23.0,1005.4
2023-09-12,10.0,1.7,12.2,6.1,0.0,230.0,25.2,1007.2
2023-10-12,1.7,-1.0,1.7,0.0,0.0,287.0,15.5,1016.7
2023-11-12,-0.7,-2.1,2.2,0.0,0.0,224.0,11.5,1021.2
2023-12-12,1.2,-2.7,3.3,0.0,0.0,255.0,14.8,1027.3
2023-12-13,-0.6,-4.9,5.0,0.0,0.0,256.0,8.6,1038.2
2023-12-14,3.4,0.0,10.6,0.0,0.0,221.0,11.9,1036.6
2023-12-15,6.1,1.7,11.7,0.0,0.0,178.0,10.4,1029.9
2023-12-16,6.9,5.0,7.8,10.4,0.0,149.0,14.4,1018.6
2023-12-17,6.2,2.2,6.7,0.0,0.0,242.0,15.5,1010.3
2023-12-18,0.6,-6.6,2.2,0.0,0.0,306.0,25.9,1014.0
2023-12-19,-4.8,-8.2,0.6,0.0,0.0,217.0,14.4,1024.5
2023-12-20,1.6,-1.0,7.2,0.0,0.0,136.0,9.0,1026.4
2023-12-21,4.5,0.6,8.9,0.3,0.0,102.0,8.3,1026.6
2023-12-22,6.6,6.1,7.2,12.7,0.0,160.0,8.6,1021.1
2023-12-23,7.4,6.1,9.4,0.0,0.0,55.0,4.0,1020.3
2023-12-24,9.8,8.9,12.8,0.0,0.0,148.0,13.3,1020.1
2023-12-25,11.7,10.0,15.0,9.9,0.0,119.0,19.1,1012.3
2023-12-26,6.8,-0.5,10.0,0.3,0.0,231.0,10.4,1014.5
2023-12-27,2.4,-1.0,5.6,0.0,0.0,21.0,14.4,1015.5
2023-12-28,3.1,1.1,5.6,3.3,0.0,338.0,18.0,1009.5
2023-12-29,3.9,-0.5,4.4,3.6,0.0,329.0,15.5,1009.7
2023-12-30,-0.3,-2.7,2.8,0.0,0.0,223.0,11.2,1010.9
2023-12-31,1.1,-0.5,2.2,2.0,0.0,289.0,16.6,1013.8
2024-01-01,-0.3,-2.7,0.0,0.0,0.0,294.0,16.2,1025.1
2024-02-01,-0.9,-3.2,3.9,0.0,0.0,240.0,19.4,1021.0
2024-03-01,0.5,-0.5,2.2,0.0,0.0,298.0,11.5,1018.7
2024-04-01,0.1,-4.3,2.8,0.0,0.0,330.0,7.9,1026.6
2024-05-01,-0.3,-3.2,2.8,0.3,0.0,161.0,10.8,1022.0
2024-06-01,0.3,-0.5,1.1,5.3,50.0,189.0,6.8,1008.1
2024-07-01,0.2,-0.5,1.1,0.5,80.0,260.0,12.6,1014.3
2024-08-01,0.6,-1.0,2.2,2.0,30.0,120.0,14.4,1021.5
2024-09-01,1.4,0.6,2.2,23.6,30.0,39.0,21.2,990.9
2024-10-01,0.4,-1.0,1.1,0.0,50.0,244.0,19.4,999.6
2024-11-01,-0.3,-2.7,1.1,0.3,50.0,227.0,13.3,1008.5
2024-12-01,0.1,-1.0,2.2,19.6,50.0,68.0,21.6,994.3
2024-01-13,-3.0,-17.1,0.6,2.3,130.0,267.0,26.6,1002.2
2024-01-14,-19.2,-23.2,-16.0,0.0,100.0,250.0,25.9,1021.5
2024-01-15,-21.6,-23.2,-16.6,0.0,100.0,241.0,17.6,1024.9
2024-01-16,-18.6,-21.6,-16.0,0.0,100.0,242.0,25.9,1019.5
2024-01-17,-13.8,-16.6,-6.6,0.0,100.0,237.0,20.9,1015.4
2024-01-18,-6.5,-11.0,-2.1,1.5,100.0,345.0,10.4,1017.3
2024-01-19,-10.9,-14.9,-9.9,1.0,130.0,306.0,22.7,1024.4
2024-01-20,-12.1,-15.5,-7.7,0.0,100.0,301.0,15.8,1033.7
2024-01-21,-12.8,-17.1,-6.0,0.0,100.0,196.0,15.8,1034.1
2024-01-22,-3.7,-6.0,1.1,0.8,100.0,207.0,18.4,1024.4
2024-01-23,1.2,0.6,2.8,9.1,100.0,56.0,6.1,1023.5
2024-01-24,1.9,1.1,3.3,4.6,80.0,33.0,9.4,1020.4
2024-01-25,2.5,1.7,3.3,7.1,30.0,33.0,14.4,1017.8
2024-01-26,3.4,2.8,4.4,9.7,0.0,344.0,9.4,1019.3
2024-01-27,3.1,2.2,5.0,0.3,0.0,3.0,12.2,1021.1
2024-01-28,2.9,0.6,3.9,1.0,0.0,334.0,18.4,1019.9
2024-01-29,0.9,-1.0,3.9,0.0,0.0,230.0,17.6,1019.3
2024-01-30,3.4,2.8,5.0,0.0,0.0,297.0,15.5,1013.6
2024-01-31,3.0,2.2,3.3,0.0,0.0,239.0,16.2,1018.8
2024-01-02,4.6,1.7,12.8,0.0,0.0,305.0,16.6,1014.1
2024-02-02,3.3,-0.5,5.6,0.0,0.0,42.0,16.6,1020.4
2024-03-02,1.2,-1.6,5.6,0.0,0.0,54.0,11.2,1019.7
2024-04-02,2.1,-1.6,7.8,0.0,0.0,33.0,14.8,1017.9
2024-05-02,1.3,-1.0,5.0,0.0,0.0,18.0,16.9,1020.6
2024-06-02,2.8,-1.0,8.9,0.0,0.0,322.0,7.9,1022.9
2024-07-02,3.1,-1.0,9.4,0.0,0.0,158.0,10.4,1020.1
2024-08-02,9.9,6.1,15.0,0.5,0.0,185.0,26.6,1007.8
2024-09-02,10.3,2.2,13.3,0.0,0.0,248.0,21.2,1007.9
2024-10-02,3.3,-1.0,5.6,0.0,0.0,291.0,13.0,1015.0
2024-11-02,0.6,-3.8,5.0,0.0,0.0,327.0,9.0,1018.1
2024-12-02,0.9,-3.8,7.8,0.0,0.0,258.0,9.4,1012.5
2024-02-13,2.0,-1.6,4.4,0.0,0.0,323.0,10.8,1016.6
2024-02-14,1.3,-3.2,8.3,0.0,0.0,164.0,9.4,1021.7
2024-02-15,5.0,-1.0,6.7,2.0,0.0,286.0,21.6,1015.5
2024-02-16,-0.8,-7.7,0.6,0.0,0.0,324.0,14.8,1020.5
2024-02-17,-5.7,-10.5,-1.6,0.0,0.0,269.0,25.9,1018.8
2024-02-18,-0.8,-4.3,7.8,0.0,0.0,263.0,18.7,1011.7
2024-02-19,1.8,-4.9,10.0,0.0,0.0,237.0,6.1,1019.7
2024-02-20,5.4,-1.6,13.9,0.0,0.0,177.0,14.8,1020.3
2024-02-21,11.2,7.2,17.2,0.0,0.0,222.0,15.5,1012.4
2024-02-22,11.1,5.6,16.1,0.0,0.0,340.0,9.4,1005.7
2024-02-23,7.5,-2.1,11.1,2.0,0.0,336.0,23.0,1006.6
2024-02-24,-2.2,-6.6,1.7,0.0,30.0,288.0,15.8,1016.7
2024-02-25,4.6,0.0,16.1,0.0,0.0,215.0,16.9,1008.7
2024-02-26,11.5,2.8,21.7,0.0,0.0,134.0,16.9,1005.0
2024-02-27,17.1,11.1,23.3,11.4,0.0,192.0,21.6,992.8
2024-02-28,3.9,-6.6,11.7,0.5,0.0,290.0,26.6,1013.5
2024-02-29,-2.0,-6.6,7.2,0.0,0.0,214.0,15.5,1029.0
2024-01-03,4.1,-0.5,7.8,0.0,0.0,189.0,15.1,1021.2
2024-02-03,7.6,1.7,15.6,0.0,0.0,192.0,14.0,1017.2
2024-03-03,12.6,6.1,22.8,0.0,0.0,172.0,29.5,1010.5
2024-04-03,16.6,6.7,22.2,1.8,0.0,178.0,17.6,1010.7
2024-05-03,8.8,4.4,7.2,19.0,0.0,17.0,27.7,1015.1
2024-06-03,5.4,2.8,8.3,0.0,0.0,20.0,21.6,1018.7
2024-07-03,5.5,2.2,10.6,0.0,0.0,80.0,11.5,1018.3
2024-08-03,6.8,3.9,7.8,23.1,0.0,40.0,19.1,1011.8
2024-09-03,4.9,0.6,7.2,0.0,0.0,308.0,20.5,1011.4
2024-10-03,2.9,-1.0,8.3,0.0,0.0,313.0,18.4,1018.8
2024-11-03,7.4,0.6,19.4,0.0,0.0,213.0,23.0,1016.9
2024-12-03,14.6,8.3,21.7,0.0,0.0,219.0,20.5,1009.6
2024-03-13,15.1,8.9,20.6,0.0,0.0,80.0,13.0,1010.1
2024-03-14,11.0,4.4,17.8,10.9,0.0,36.0,20.9,1010.3
2024-03-15,6.2,2.8,12.2,0.0,0.0,46.0,14.4,1018.7
2024-03-16,8.0,4.4,14.4,0.0,0.0,241.0,25.9,1008.0
2024-03-17,3.8,-1.6,5.0,0.0,0.0,305.0,20.5,1011.4
2024-03-18,-1.1,-4.3,2.8,0.0,0.0,295.0,18.0,1018.9
2024-03-19,3.4,-1.6,14.4,0.0,0.0,257.0,23.0,1007.1
2024-03-20,4.9,-1.6,6.7,0.0,0.0,332.0,19.4,1015.7
2024-03-21,0.4,-2.7,5.0,0.0,0.0,52.0,8.3,1024.9
2024-03-22,1.6,-0.5,3.9,3.3,0.0,60.0,16.9,1020.1
2024-03-23,1.1,-2.1,3.3,0.0,0.0,31.0,19.1,1025.3
2024-03-24,3.0,0.6,8.9,0.0,0.0,121.0,23.0,1018.6
2024-03-25,10.5,7.8,17.2,11.9,0.0,153.0,19.1,1006.1
2024-03-26,10.4,0.0,12.8,3.6,0.0,205.0,31.0,999.6
2024-03-27,1.3,-1.6,5.6,0.0,0.0,255.0,20.5,1016.5
2024-03-28,3.6,-1.6,10.6,0.0,0.0,253.0,11.5,1019.2
2024-03-29,5.7,0.0,12.2,0.8,0.0,60.0,12.2,1016.6
2024-03-30,9.0,4.4,16.1,10.2,0.0,2.0,14.0,1009.6
2024-03-31,5.9,3.3,12.2,6.6,0.0,45.0,16.9,1013.9
2024-01-04,6.4,5.6,8.9,11.2,0.0,56.0,23.0,1010.6
2024-02-04,6.2,2.2,7.2,10.2,0.0,33.0,22.7,996.7
2024-03-04,2.3,1.1,3.9,7.6,0.0,281.0,22.7,991.0
2024-04-04,3.4,2.2,7.2,1.8,0.0,330.0,22.0,1005.1
2024-05-04,5.4,2.2,9.4,0.0,0.0,1.0,16.9,1019.6
2024-06-04,5.8,0.0,11.7,0.0,0.0,40.0,12.2,1023.0
2024-07-04,6.7,3.9,10.0,9.4,0.0,111.0,16.9,1014.7
2024-08-04,12.8,8.3,21.7,0.0,0.0,195.0,18.0,1010.9
2024-09-04,15.4,9.4,17.2,0.0,0.0,240.0,13.7,1011.5
2024-10-04,13.4,7.2,20.6,0.0,0.0,30.0,7.9,1012.1
2024-11-04,13.1,9.4,15.6,0.3,0.0,10.0,15.8,1002.2
2024-12-04,12.3,9.4,17.8,1.5,0.0,300.0,21.6,1007.6
2024-04-13,13.0,6.7,21.7,0.0,0.0,247.0,15.5,1015.3
2024-04-14,20.8,11.7,27.2,0.0,0.0,210.0,18.4,1006.0
2024-04-15,17.1,8.9,24.4,0.0,0.0,63.0,12.6,1014.2
2024-04-16,17.1,10.6,27.2,2.5,0.0,109.0,22.3,1011.1
2024-04-17,18.6,11.7,20.0,4.8,0.0,234.0,27.7,1005.0
2024-04-18,12.0,8.3,14.4,2.5,0.0,2.0,11.9,1016.3
2024-04-19,9.6,5.0,13.3,0.0,0.0,292.0,26.3,1018.5
2024-04-20,5.9,1.7,7.2,0.0,0.0,291.0,19.1,1022.5
2024-04-21,6.5,0.6,14.4,0.0,0.0,275.0,13.3,1021.0
2024-04-22,11.9,5.0,19.4,0.0,0.0,219.0,22.0,1016.0
2024-04-23,15.1,5.0,17.8,0.0,0.0,222.0,25.6,1008.5
2024-04-24,7.3,1.7,8.3,0.0,0.0,34.0,21.6,1023.6
2024-04-25,6.5,0.6,14.4,0.0,0.0,68.0,9.7,1025.8
2024-04-26,9.6,6.1,17.2,9.7,0.0,118.0,21.6,1016.9
2024-04-27,18.7,15.0,26.1,0.8,0.0,200.0,25.2,1010.5
2024-04-28,19.6,15.0,23.9,9.1,0.0,170.0,15.8,1011.7
2024-04-29,19.1,12.2,21.1,16.8,0.0,219.0,16.9,1009.6
2024-04-30,15.8,10.0,23.3,0.0,0.0,236.0,12.2,1012.1
2024-01-05,20.8,14.4,23.9,0.3,0.0,261.0,16.9,1011.1
2024-02-05,18.7,12.2,27.2,16.0,0.0,125.0,14.4,1012.1
2024-03-05,18.1,11.7,20.6,4.1,0.0,26.0,12.6,1015.1
2024-04-05,17.3,8.3,27.2,5.6,0.0,234.0,13.7,1013.2
2024-05-05,14.9,10.0,17.8,0.0,0.0,28.0,13.0,1017.2
2024-06-05,14.5,8.9,21.1,0.0,0.0,68.0,14.0,1013.9
2024-07-05,18.5,14.4,23.9,19.8,0.0,174.0,16.2,1001.7
2024-08-05,19.3,11.7,26.1,0.0,0.0,33.0,11.5,1005.0
2024-09-05,14.9,9.4,17.2,13.0,0.0,29.0,18.4,1008.4
2024-10-05,12.8,7.8,19.4,2.8,0.0,283.0,13.7,1011.5
2024-11-05,15.4,10.6,21.1,0.0,0.0,293.0,15.5,1009.0
2024-12-05,17.6,9.4,28.3,0.0,0.0,220.0,15.1,1009.3
2024-05-13,22.4,16.7,27.2,3.0,0.0,219.0,13.7,1007.5
2024-05-14,14.5,10.6,16.7,0.8,0.0,28.0,23.0,1009.1
2024-05-15,14.4,11.1,19.4,0.0,0.0,32.0,19.1,1010.7
2024-05-16,16.6,11.1,23.9,12.2,0.0,189.0,11.5,1009.0
2024-05-17,20.3,15.0,27.2,0.0,0.0,201.0,8.6,1007.7
2024-05-18,21.8,15.0,29.4,0.0,0.0,222.0,9.7,1009.9
2024-05-19,23.6,16.7,24.4,0.0,0.0,52.0,14.8,1014.1
2024-05-20,21.7,16.1,30.0,0.0,0.0,55.0,16.9,1010.7
2024-05-21,23.7,16.1,31.7,0.0,0.0,152.0,24.5,1006.0
2024-05-22,23.1,16.1,26.7,0.0,0.0,247.0,23.8,1006.6
2024-05-23,20.6,14.4,27.2,0.0,0.0,167.0,9.4,1012.3
2024-05-24,20.8,17.8,25.0,1.5,0.0,159.0,16.2,1008.1
2024-05-25,19.8,13.3,24.4,0.0,0.0,341.0,13.3,1010.4
2024-05-26,17.4,14.4,22.8,18.8,0.0,116.0,14.4,1003.9
2024-05-27,17.7,14.4,23.3,0.0,0.0,286.0,18.0,1004.6
2024-05-28,17.2,12.2,22.2,5.3,0.0,284.0,12.6,1013.7
2024-05-29,15.6,9.4,21.1,0.0,0.0,0.0,17.6,1021.0
2024-05-30,14.7,7.2,21.1,0.0,0.0,27.0,11.5,1023.2
2024-05-31,17.7,10.0,26.1,0.0,0.0,131.0,11.5,1021.6
2024-01-06,19.0,15.6,20.0,24.1,0.0,133.0,11.2,1015.1
2024-02-06,18.3,15.0,25.0,0.0,0.0,37.0,10.8,1014.5
2024-03-06,21.4,14.4,30.0,0.0,0.0,168.0,14.8,1009.9
2024-04-06,25.9,20.6,29.4,3.3,0.0,156.0,13.0,1006.5
2024-05-06,23.1,20.6,26.1,7.6,0.0,234.0,15.8,1002.1
2024-06-06,22.4,17.8,25.6,0.0,0.0,281.0,22.7,1003.5
2024-07-06,20.8,15.0,25.6,0.0,0.0,284.0,17.6,1008.6
2024-08-06,19.6,12.8,25.0,1.8,0.0,327.0,10.8,1009.8
2024-09-06,18.2,12.8,26.7,0.0,0.0,290.0,20.9,1010.9
2024-10-06,16.2,11.7,20.6,0.3,0.0,23.0,16.9,1014.8
2024-11-06,17.1,10.0,25.6,0.0,0.0,250.0,9.0,1014.7
2024-12-06,24.7,18.9,32.8,0.0,0.0,233.0,13.0,1011.2
2024-06-13,27.5,21.7,32.8,0.3,0.0,237.0,15.5,1009.5
2024-06-14,25.2,15.6,30.0,0.0,0.0,2.0,14.0,1014.6
2024-06-15,21.6,14.4,30.0,0.0,0.0,126.0,16.2,1017.0
2024-06-16,26.9,21.7,35.0,0.3,0.0,196.0,20.2,1011.5
2024-06-17,29.1,25.0,36.1,0.0,0.0,207.0,19.8,1011.9
2024-06-18,29.6,25.6,34.4,0.0,0.0,194.0,24.8,1014.3
2024-06-19,29.3,22.8,33.9,2.3,0.0,217.0,15.5,1020.7
2024-06-20,25.0,17.8,29.4,0.3,0.0,29.0,13.7,1024.2
2024-06-21,24.6,18.9,34.4,0.0,0.0,218.0,9.7,1020.3
2024-06-22,28.0,20.6,33.9,23.1,0.0,206.0,22.7,1010.7
2024-06-23,24.7,20.6,26.7,0.0,0.0,294.0,15.8,1007.8
2024-06-24,24.2,18.3,31.1,0.0,0.0,70.0,9.0,1012.6
2024-06-25,26.4,21.7,29.4,11.4,0.0,222.0,21.6,1007.1
2024-06-26,26.1,17.8,30.6,0.0,0.0,324.0,15.5,1009.4
2024-06-27,20.3,16.1,23.3,0.0,0.0,45.0,15.8,1015.5
2024-06-28,20.0,18.3,23.3,3.8,0.0,154.0,11.5,1010.4
2024-06-29,25.6,21.1,31.1,0.3,0.0,267.0,16.9,1010.2
2024-06-30,20.6,15.0,21.7,0.0,0.0,17.0,19.4,1023.6
2024-01-07,18.5,12.2,23.9,0.0,0.0,77.0,11.9,1023.8
2024-02-07,22.1,19.4,29.4,0.3,0.0,156.0,18.4,1014.6
2024-03-07,26.6,22.8,31.1,2.3,0.0,248.0,12.2,1011.4
2024-04-07,25.2,20.6,28.9,0.0,0.0,192.0,5.0,1011.8
2024-05-07,24.6,20.0,27.8,0.0,0.0,250.0,18.0,1008.4
2024-06-07,22.4,17.8,28.3,0.0,0.0,185.0,8.6,1013.2
2024-07-07,23.3,18.9,30.6,27.2,0.0,141.0,11.9,1015.1
2024-08-07,24.0,20.6,30.0,0.0,0.0,218.0,12.6,1013.5
2024-09-07,24.9,20.6,27.2,9.7,0.0,25.0,8.3,1012.0
2024-10-07,22.9,18.9,28.9,5.8,0.0,11.0,12.6,1011.4
2024-11-07,22.6,18.9,27.2,0.0,0.0,23.0,11.2,1017.3
2024-12-07,23.7,17.8,30.0,0.0,0.0,49.0,9.7,1019.1
2024-07-13,26.0,19.4,32.8,40.6,0.0,183.0,12.2,1018.8
2024-07-14,24.3,19.4,31.1,41.7,0.0,208.0,14.4,1013.4
2024-07-15,26.1,20.6,32.2,13.5,0.0,215.0,13.0,1008.6
2024-07-16,25.2,20.6,29.4,0.0,0.0,244.0,13.0,1008.5
2024-07-17,24.8,17.8,27.8,0.0,0.0,337.0,17.6,1014.1
2024-07-18,20.6,16.1,23.9,0.0,0.0,29.0,14.8,1021.3
2024-07-19,20.8,15.6,26.7,0.0,0.0,205.0,10.1,1021.0
2024-07-20,22.5,17.2,27.2,0.0,0.0,322.0,6.1,1019.3
2024-07-21,23.6,18.9,28.9,0.0,0.0,19.0,7.2,1018.5
2024-07-22,23.4,18.3,28.9,0.0,0.0,30.0,6.5,1016.1
2024-07-23,24.4,19.4,29.4,5.1,0.0,252.0,10.4,1015.4
2024-07-24,22.1,19.4,23.9,0.0,0.0,41.0,10.8,1019.6
2024-07-25,21.5,16.7,25.6,0.0,0.0,59.0,11.9,1023.1
2024-07-26,21.7,16.1,27.2,0.0,0.0,73.0,9.4,1021.3
2024-07-27,23.8,18.9,29.4,0.0,0.0,163.0,9.7,1018.4
2024-07-28,24.7,21.1,29.4,0.8,0.0,170.0,12.6,1014.5
2024-07-29,24.6,21.7,28.9,2.8,0.0,223.0,10.8,1009.8
2024-07-30,25.8,21.1,32.2,0.0,0.0,280.0,6.8,1009.6
2024-07-31,27.2,22.2,33.3,0.0,0.0,239.0,8.3,1011.9
2024-01-08,27.1,20.6,31.1,13.0,0.0,231.0,7.9,1012.4
2024-02-08,24.6,20.6,30.6,0.0,0.0,341.0,13.0,1012.7
2024-03-08,26.9,22.8,32.8,0.0,0.0,18.0,9.7,1013.2
2024-04-08,26.9,21.7,32.8,0.0,0.0,260.0,7.6,1014.4
2024-05-08,27.3,23.3,32.8,0.0,0.0,193.0,13.0,1014.6
2024-06-08,22.2,19.4,23.9,8.6,0.0,26.0,22.7,1013.3
2024-07-08,22.2,17.8,25.6,0.0,0.0,53.0,17.3,1015.0
2024-08-08,22.2,17.8,28.3,0.0,0.0,309.0,9.0,1012.7
2024-09-08,20.7,15.6,22.2,0.0,0.0,292.0,15.8,1015.5
2024-10-08,18.4,13.3,23.9,0.0,0.0,267.0,16.9,1018.5
2024-11-08,20.3,14.4,26.7,0.0,0.0,284.0,11.9,1018.6
2024-12-08,21.7,16.1,27.8,0.0,0.0,243.0,7.2,1019.0
2024-08-13,23.4,17.8,30.0,0.0,0.0,355.0,7.6,1019.3
2024-08-14,24.6,18.9,30.0,0.0,0.0,91.0,9.7,1019.2
2024-08-15,22.9,19.4,24.4,6.4,0.0,161.0,16.6,1013.7
2024-08-16,24.1,19.4,30.6,5.6,0.0,230.0,14.8,1008.3
2024-08-17,23.4,20.6,28.9,4.3,0.0,283.0,13.3,1008.0
2024-08-18,22.2,20.0,26.7,0.3,0.0,344.0,20.2,1013.2
2024-08-19,21.6,17.2,25.0,0.0,0.0,17.0,21.6,1019.2
2024-08-20,19.4,14.4,22.2,0.0,0.0,37.0,13.0,1023.5
2024-08-21,18.4,13.3,24.4,0.0,0.0,23.0,7.2,1024.8
2024-08-22,19.1,12.8,26.7,0.0,0.0,246.0,5.4,1024.1
2024-08-23,21.4,15.0,27.8,0.0,0.0,205.0,7.9,1022.7
2024-08-24,24.6,17.8,32.8,0.0,0.0,24.0,6.5,1020.2
2024-08-25,27.7,23.3,33.9,0.0,0.0,197.0,15.5,1019.7
2024-08-26,29.9,26.1,35.6,0.0,0.0,210.0,16.9,1017.4
2024-08-27,30.9,23.3,37.2,16.3,0.0,232.0,13.7,1014.7
2024-08-28,24.9,21.7,28.9,4.6,0.0,239.0,13.7,1018.1
2024-08-29,24.5,21.7,31.1,0.0,0.0,85.0,12.2,1019.5
2024-08-30,25.1,20.6,28.3,7.1,0.0,276.0,11.9,1016.1
2024-08-31,23.2,16.7,28.9,0.0,0.0,273.0,9.4,1016.6
2024-01-09,22.3,15.6,24.4,0.0,0.0,355.0,18.4,1017.2
2024-02-09,19.1,14.4,24.4,0.0,0.0,44.0,8.6,1025.2
2024-03-09,19.4,14.4,25.6,0.0,0.0,109.0,9.0,1025.9
2024-04-09,21.1,14.4,28.9,0.0,0.0,153.0,8.6,1023.9
2024-05-09,23.9,17.8,30.6,1.0,0.0,269.0,10.4,1019.1
2024-06-09,20.1,12.2,21.1,0.0,0.0,358.0,18.7,1019.5
2024-07-09,14.4,8.9,19.4,0.0,0.0,347.0,14.4,1022.4
2024-08-09,15.0,9.4,22.2,0.0,0.0,250.0,13.0,1020.9
2024-09-09,19.6,13.9,27.2,0.0,0.0,251.0,14.0,1019.6
2024-10-09,21.1,14.4,27.8,0.0,0.0,222.0,9.4,1018.9
2024-11-09,22.6,15.0,30.6,0.0,0.0,182.0,5.4,1017.5
2024-12-09,24.0,17.2,30.6,0.0,0.0,45.0,11.2,1017.4
2024-09-13,24.4,18.9,29.4,0.0,0.0,94.0,13.7,1017.7
2024-09-14,25.0,19.4,31.1,0.0,0.0,75.0,8.6,1018.8
2024-09-15,25.2,19.4,32.2,0.0,0.0,107.0,8.6,1019.8
2024-09-16,24.8,18.3,32.2,0.0,0.0,119.0,9.4,1020.0
2024-09-17,23.4,16.7,29.4,0.0,0.0,39.0,7.9,1018.0
2024-09-18,22.5,16.1,31.1,0.0,0.0,53.0,5.0,1014.7
2024-09-19,24.1,16.7,31.7,0.0,0.0,189.0,8.3,1012.3
2024-09-20,26.0,20.6,32.8,0.5,0.0,257.0,12.6,1009.2
2024-09-21,25.2,17.2,33.3,0.0,0.0,185.0,8.6,1011.9
2024-09-22,23.2,17.8,25.6,20.3,0.0,298.0,13.7,1011.0
2024-09-23,18.1,15.6,19.4,0.5,0.0,45.0,15.1,1014.2
2024-09-24,18.0,16.7,19.4,10.9,0.0,333.0,9.7,1008.2
2024-09-25,18.6,13.9,25.0,0.0,0.0,326.0,6.8,1012.9
2024-09-26,19.2,13.9,25.0,0.0,0.0,38.0,11.5,1016.1
2024-09-27,20.3,18.3,22.2,0.0,0.0,37.0,33.1,1010.5
2024-09-28,20.5,18.3,22.2,0.0,0.0,28.0,28.4,1010.2
2024-09-29,21.1,18.9,23.3,0.3,0.0,26.0,21.2,1014.8
2024-09-30,21.6,17.2,26.1,0.0,0.0,68.0,9.7,1014.7
2024-01-10,19.2,12.8,21.1,0.0,0.0,315.0,17.6,1017.4
2024-02-10,15.2,8.9,22.2,0.0,0.0,250.0,9.4,1016.9
2024-03-10,17.7,12.2,26.7,0.0,0.0,347.0,10.8,1017.0
2024-04-10,17.7,14.4,21.1,0.3,0.0,36.0,15.1,1023.6
2024-05-10,19.3,14.4,29.4,0.0,0.0,154.0,20.5,1018.0
2024-06-10,22.2,12.2,23.9,0.0,0.0,276.0,19.8,1013.7
2024-07-10,14.5,8.9,20.0,0.0,0.0,310.0,10.8,1019.4
2024-08-10,15.2,10.0,23.3,0.0,0.0,287.0,10.8,1016.7
2024-09-10,15.7,10.6,21.1,0.0,0.0,83.0,11.5,1018.5
2024-10-10,16.5,11.7,22.8,0.0,0.0,86.0,7.2,1021.6
2024-11-10,18.6,12.8,28.3,0.0,0.0,222.0,15.1,1018.3
2024-12-10,19.0,15.6,20.0,0.0,0.0,55.0,20.5,1014.9
2024-10-13,15.6,9.4,19.4,0.0,0.0,308.0,23.4,1010.1
2024-10-14,10.8,5.0,13.9,0.5,0.0,328.0,19.1,1018.1
2024-10-15,7.2,5.0,10.6,6.9,0.0,341.0,22.0,1023.6
2024-10-16,7.8,2.8,14.4,0.0,0.0,316.0,9.4,1028.5
2024-10-17,9.7,3.3,17.8,0.0,0.0,201.0,11.5,1026.2
2024-10-18,12.6,5.6,20.6,0.0,0.0,183.0,10.8,1029.5
2024-10-19,14.3,6.7,21.7,0.0,0.0,202.0,10.1,1030.4
2024-10-20,16.7,10.6,26.1,0.0,0.0,218.0,15.1,1025.5
2024-10-21,19.4,12.2,27.2,0.0,0.0,211.0,12.2,1022.0
2024-10-22,18.4,12.8,22.8,0.3,0.0,189.0,16.2,1015.3
2024-10-23,16.8,6.7,18.3,0.0,0.0,304.0,13.7,1017.7
2024-10-24,11.1,4.4,17.8,5.3,0.0,193.0,10.8,1019.7
2024-10-25,13.5,8.9,19.4,16.0,0.0,304.0,13.0,1019.4
2024-10-26,10.8,6.1,15.0,0.0,0.0,349.0,10.8,1030.6
2024-10-27,8.8,2.8,15.0,0.0,0.0,202.0,7.6,1027.1
2024-10-28,11.3,6.1,19.4,0.0,0.0,164.0,16.9,1018.7
2024-10-29,21.8,19.4,27.8,0.0,0.0,195.0,27.7,1011.7
2024-10-30,23.0,20.0,26.7,0.0,0.0,195.0,28.8,1013.9
2024-10-31,18.7,6.1,21.7,0.8,0.0,223.0,30.6,1009.8
2024-01-11,7.6,3.9,12.2,0.0,0.0,331.0,7.6,1024.7
2024-02-11,7.8,3.3,15.0,0.0,0.0,135.0,10.1,1027.9
2024-03-11,11.8,9.4,17.8,0.5,0.0,135.0,18.4,1017.8
2024-04-11,18.2,17.2,20.0,14.7,0.0,191.0,18.7,1010.4
2024-05-11,18.2,15.6,19.4,32.5,0.0,193.0,22.3,1005.8
2024-06-11,12.9,9.4,15.6,0.0,0.0,311.0,12.6,1017.8
2024-07-11,10.6,6.7,15.0,0.0,0.0,294.0,9.7,1025.8
2024-08-11,10.7,6.7,16.7,0.0,0.0,306.0,13.7,1024.6
2024-09-11,10.5,7.2,13.3,5.1,0.0,113.0,14.0,1022.0
2024-10-11,11.8,9.4,17.2,2.0,0.0,215.0,18.4,1009.9
2024-11-11,11.6,5.6,14.4,0.0,0.0,299.0,20.9,1014.5
